TransactionID,CustomerID,Date,Product,Quantity,Price,Category
T00001,C1041,2025-12-07,Dal,2,90,Grocery
T00001,C1041,2025-12-07,Rice,1,70,Grocery
T00001,C1041,2025-12-07,Cooking Oil,1,140,Grocery
T00001,C1041,2025-12-07,Curd,1,30,Dairy
T00001,C1041,2025-12-07,Shampoo,1,130,Personal Care
T00002,C1041,2025-10-08,Juice,2,40,Beverages
T00002,C1041,2025-10-08,Bread,2,30,Bakery
T00002,C1041,2025-10-08,Biscuits,1,25,Snacks
T00002,C1041,2025-10-08,Cookies,1,45,Bakery
T00003,C1011,2025-08-27,Dal,2,90,Grocery
T00003,C1011,2025-08-27,Salt,1,20,Grocery
T00003,C1011,2025-08-27,Rice,1,70,Grocery
T00004,C1011,2025-08-28,Bread,2,30,Bakery
T00004,C1011,2025-08-28,Butter,1,55,Dairy
T00004,C1011,2025-08-28,Juice,3,40,Beverages
T00004,C1011,2025-08-28,Curd,2,30,Dairy
T00005,C1011,2025-10-26,Tea,1,120,Beverages
T00005,C1011,2025-10-26,Biscuits,1,25,Snacks
T00005,C1011,2025-10-26,Curd,2,30,Dairy
T00006,C1011,2025-08-11,Chips,3,20,Snacks
T00006,C1011,2025-08-11,Chocolate,1,50,Snacks
T00006,C1011,2025-08-11,Juice,3,40,Beverages
T00007,C1011,2025-11-13,Butter,1,55,Dairy
T00007,C1011,2025-11-13,Milk,3,25,Dairy
T00007,C1011,2025-11-13,Bread,3,30,Bakery
T00007,C1011,2025-11-13,Juice,2,40,Beverages
T00008,C1011,2025-07-27,Bread,1,30,Bakery
T00008,C1011,2025-07-27,Butter,1,55,Dairy
T00008,C1011,2025-07-27,Juice,1,40,Beverages
T00009,C1011,2025-10-24,Butter,1,55,Dairy
T00009,C1011,2025-10-24,Eggs,1,60,Poultry & Protein
T00009,C1011,2025-10-24,Bread,1,30,Bakery
T00010,C1011,2025-10-22,Sugar,1,45,Grocery
T00010,C1011,2025-10-22,Coffee,2,180,Beverages
T00010,C1011,2025-10-22,Milk,2,25,Dairy
T00010,C1011,2025-10-22,Cookies,1,45,Bakery
T00011,C1011,2025-12-11,Bread,3,30,Bakery
T00011,C1011,2025-12-11,Butter,2,55,Dairy
T00012,C1011,2025-10-31,Bread,3,30,Bakery
T00012,C1011,2025-10-31,Butter,2,55,Dairy
T00012,C1011,2025-10-31,Milk,1,25,Dairy
T00012,C1011,2025-10-31,Cheese,3,90,Dairy
T00013,C1022,2025-09-20,Coffee,1,180,Beverages
T00013,C1022,2025-09-20,Biscuits,3,25,Snacks
T00013,C1022,2025-09-20,Sugar,2,45,Grocery
T00013,C1022,2025-09-20,Cheese,2,90,Dairy
T00013,C1022,2025-09-20,Toothpaste,1,60,Personal Care
T00014,C1022,2025-07-10,Butter,1,55,Dairy
T00014,C1022,2025-07-10,Bread,1,30,Bakery
T00014,C1022,2025-07-10,Eggs,1,60,Poultry & Protein
T00014,C1022,2025-07-10,Milk,1,25,Dairy
T00015,C1022,2025-08-01,Bread,2,30,Bakery
T00015,C1022,2025-08-01,Butter,1,55,Dairy
T00016,C1009,2025-10-19,Sugar,2,45,Grocery
T00016,C1009,2025-10-19,Biscuits,3,25,Snacks
T00016,C1009,2025-10-19,Coffee,3,180,Beverages
T00016,C1009,2025-10-19,Paneer,1,110,Poultry & Protein
T00016,C1009,2025-10-19,Cake,2,120,Bakery
T00017,C1009,2025-10-11,Chips,1,20,Snacks
T00017,C1009,2025-10-11,Juice,1,40,Beverages
T00018,C1009,2025-10-20,Tea,1,120,Beverages
T00018,C1009,2025-10-20,Biscuits,1,25,Snacks
T00018,C1009,2025-10-20,Sugar,1,45,Grocery
T00019,C1009,2025-06-19,Coffee,2,180,Beverages
T00019,C1009,2025-06-19,Sugar,2,45,Grocery
T00019,C1009,2025-06-19,Milk,1,25,Dairy
T00019,C1009,2025-06-19,Bread,2,30,Bakery
T00019,C1009,2025-06-19,Shampoo,2,130,Personal Care
T00020,C1009,2025-07-19,Butter,2,55,Dairy
T00020,C1009,2025-07-19,Bread,2,30,Bakery
T00020,C1009,2025-07-19,Biscuits,3,25,Snacks
T00021,C1009,2025-11-20,Bread,1,30,Bakery
T00021,C1009,2025-11-20,Butter,1,55,Dairy
T00022,C1009,2025-10-16,Chocolate,1,50,Snacks
T00022,C1009,2025-10-16,Chips,2,20,Snacks
T00022,C1009,2025-10-16,Juice,2,40,Beverages
T00022,C1009,2025-10-16,Cookies,1,45,Bakery
T00023,C1004,2025-06-04,Milk,2,25,Dairy
T00023,C1004,2025-06-04,Bread,1,30,Bakery
T00023,C1004,2025-06-04,Butter,1,55,Dairy
T00023,C1004,2025-06-04,Cake,2,120,Bakery
T00024,C1004,2025-06-01,Soap,1,35,Personal Care
T00024,C1004,2025-06-01,Toothpaste,1,60,Personal Care
T00024,C1004,2025-06-01,Shampoo,1,130,Personal Care
T00024,C1004,2025-06-01,Chocolate,1,50,Snacks
T00024,C1004,2025-06-01,Bread,2,30,Bakery
T00025,C1004,2025-12-06,Sugar,1,45,Grocery
T00025,C1004,2025-12-06,Coffee,2,180,Beverages
T00026,C1004,2025-10-07,Milk,2,25,Dairy
T00026,C1004,2025-10-07,Sugar,1,45,Grocery
T00026,C1004,2025-10-07,Coffee,3,180,Beverages
T00027,C1004,2025-07-31,Toothpaste,2,60,Personal Care
T00027,C1004,2025-07-31,Shampoo,1,130,Personal Care
T00027,C1004,2025-07-31,Soap,2,35,Personal Care
T00027,C1004,2025-07-31,Butter,3,55,Dairy
T00028,C1004,2025-10-23,Coffee,1,180,Beverages
T00028,C1004,2025-10-23,Milk,2,25,Dairy
T00028,C1004,2025-10-23,Sugar,1,45,Grocery
T00029,C1004,2025-11-19,Cooking Oil,1,140,Grocery
T00029,C1004,2025-11-19,Rice,2,70,Grocery
T00029,C1004,2025-11-19,Salt,1,20,Grocery
T00029,C1004,2025-11-19,Dal,2,90,Grocery
T00029,C1004,2025-11-19,Cheese,1,90,Dairy
T00029,C1004,2025-11-19,Shampoo,1,130,Personal Care
T00030,C1004,2025-08-29,Bread,3,30,Bakery
T00030,C1004,2025-08-29,Butter,1,55,Dairy
T00030,C1004,2025-08-29,Milk,2,25,Dairy
T00030,C1004,2025-08-29,Sugar,3,45,Grocery
T00031,C1004,2025-06-03,Sugar,1,45,Grocery
T00031,C1004,2025-06-03,Milk,3,25,Dairy
T00031,C1004,2025-06-03,Coffee,2,180,Beverages
T00031,C1004,2025-06-03,Cheese,1,90,Dairy
T00032,C1004,2025-08-09,Cooking Oil,1,140,Grocery
T00032,C1004,2025-08-09,Rice,1,70,Grocery
T00032,C1004,2025-08-09,Dal,3,90,Grocery
T00032,C1004,2025-08-09,Chocolate,2,50,Snacks
T00032,C1004,2025-08-09,Eggs,1,60,Poultry & Protein
T00033,C1004,2025-06-12,Bread,3,30,Bakery
T00033,C1004,2025-06-12,Butter,2,55,Dairy
T00033,C1004,2025-06-12,Eggs,2,60,Poultry & Protein
T00034,C1028,2025-06-29,Butter,2,55,Dairy
T00034,C1028,2025-06-29,Milk,1,25,Dairy
T00034,C1028,2025-06-29,Bread,1,30,Bakery
T00034,C1028,2025-06-29,Sugar,1,45,Grocery
T00035,C1028,2025-12-21,Bread,1,30,Bakery
T00035,C1028,2025-12-21,Butter,2,55,Dairy
T00035,C1028,2025-12-21,Milk,2,25,Dairy
T00036,C1028,2025-11-06,Coffee,1,180,Beverages
T00036,C1028,2025-11-06,Sugar,3,45,Grocery
T00036,C1028,2025-11-06,Biscuits,1,25,Snacks
T00037,C1028,2025-12-23,Tea,2,120,Beverages
T00037,C1028,2025-12-23,Biscuits,1,25,Snacks
T00037,C1028,2025-12-23,Sugar,1,45,Grocery
T00038,C1028,2025-12-27,Chocolate,3,50,Snacks
T00038,C1028,2025-12-27,Chips,1,20,Snacks
T00038,C1028,2025-12-27,Juice,2,40,Beverages
T00039,C1028,2025-08-11,Bread,1,30,Bakery
T00039,C1028,2025-08-11,Butter,1,55,Dairy
T00039,C1028,2025-08-11,Milk,1,25,Dairy
T00040,C1028,2025-10-27,Rice,3,70,Grocery
T00040,C1028,2025-10-27,Cooking Oil,1,140,Grocery
T00040,C1028,2025-10-27,Tea,2,120,Beverages
T00041,C1039,2025-09-07,Butter,2,55,Dairy
T00041,C1039,2025-09-07,Bread,2,30,Bakery
T00041,C1039,2025-09-07,Juice,3,40,Beverages
T00042,C1039,2025-12-07,Sugar,3,45,Grocery
T00042,C1039,2025-12-07,Tea,1,120,Beverages
T00042,C1039,2025-12-07,Biscuits,2,25,Snacks
T00042,C1039,2025-12-07,Cheese,1,90,Dairy
T00042,C1039,2025-12-07,Coffee,3,180,Beverages
T00043,C1039,2025-09-13,Butter,2,55,Dairy
T00043,C1039,2025-09-13,Eggs,3,60,Poultry & Protein
T00043,C1039,2025-09-13,Bread,2,30,Bakery
T00044,C1039,2025-11-21,Biscuits,2,25,Snacks
T00044,C1039,2025-11-21,Coffee,2,180,Beverages
T00044,C1039,2025-11-21,Sugar,2,45,Grocery
T00044,C1039,2025-11-21,Cake,3,120,Bakery
T00045,C1039,2025-09-28,Juice,3,40,Beverages
T00045,C1039,2025-09-28,Chips,1,20,Snacks
T00045,C1039,2025-09-28,Chocolate,1,50,Snacks
T00046,C1039,2025-10-10,Bread,1,30,Bakery
T00046,C1039,2025-10-10,Juice,1,40,Beverages
T00046,C1039,2025-10-10,Butter,1,55,Dairy
T00047,C1039,2025-08-02,Chocolate,2,50,Snacks
T00047,C1039,2025-08-02,Juice,2,40,Beverages
T00047,C1039,2025-08-02,Cake,1,120,Bakery
T00048,C1010,2025-06-02,Milk,2,25,Dairy
T00048,C1010,2025-06-02,Butter,1,55,Dairy
T00048,C1010,2025-06-02,Bread,1,30,Bakery
T00049,C1010,2025-09-25,Sugar,2,45,Grocery
T00049,C1010,2025-09-25,Biscuits,2,25,Snacks
T00049,C1010,2025-09-25,Coffee,1,180,Beverages
T00049,C1010,2025-09-25,Salt,3,20,Grocery
T00050,C1010,2025-09-30,Chips,1,20,Snacks
T00050,C1010,2025-09-30,Chocolate,2,50,Snacks
T00050,C1010,2025-09-30,Juice,1,40,Beverages
T00051,C1010,2025-08-13,Sugar,1,45,Grocery
T00051,C1010,2025-08-13,Biscuits,1,25,Snacks
T00051,C1010,2025-08-13,Tea,2,120,Beverages
T00052,C1010,2025-11-25,Coffee,2,180,Beverages
T00052,C1010,2025-11-25,Biscuits,2,25,Snacks
T00052,C1010,2025-11-25,Sugar,1,45,Grocery
T00053,C1010,2025-07-23,Toothpaste,1,60,Personal Care
T00053,C1010,2025-07-23,Shampoo,1,130,Personal Care
T00053,C1010,2025-07-23,Soap,2,35,Personal Care
T00053,C1010,2025-07-23,Milk,2,25,Dairy
T00054,C1010,2025-12-09,Coffee,1,180,Beverages
T00054,C1010,2025-12-09,Milk,2,25,Dairy
T00054,C1010,2025-12-09,Sugar,1,45,Grocery
T00054,C1010,2025-12-09,Chocolate,3,50,Snacks
T00055,C1010,2025-11-21,Soap,2,35,Personal Care
T00055,C1010,2025-11-21,Shampoo,3,130,Personal Care
T00055,C1010,2025-11-21,Toothpaste,1,60,Personal Care
T00056,C1010,2025-06-22,Soap,1,35,Personal Care
T00056,C1010,2025-06-22,Shampoo,1,130,Personal Care
T00056,C1010,2025-06-22,Toothpaste,2,60,Personal Care
T00056,C1010,2025-06-22,Juice,1,40,Beverages
T00057,C1010,2025-12-12,Soap,3,35,Personal Care
T00057,C1010,2025-12-12,Toothpaste,2,60,Personal Care
T00057,C1010,2025-12-12,Shampoo,1,130,Personal Care
T00057,C1010,2025-12-12,Milk,1,25,Dairy
T00058,C1010,2025-07-28,Milk,1,25,Dairy
T00058,C1010,2025-07-28,Butter,2,55,Dairy
T00059,C1010,2025-09-30,Bread,2,30,Bakery
T00059,C1010,2025-09-30,Butter,2,55,Dairy
T00059,C1010,2025-09-30,Milk,3,25,Dairy
T00060,C1010,2025-06-30,Coffee,3,180,Beverages
T00060,C1010,2025-06-30,Sugar,1,45,Grocery
T00060,C1010,2025-06-30,Biscuits,1,25,Snacks
T00060,C1010,2025-06-30,Juice,2,40,Beverages
T00061,C1010,2025-11-24,Biscuits,1,25,Snacks
T00061,C1010,2025-11-24,Sugar,1,45,Grocery
T00061,C1010,2025-11-24,Cheese,2,90,Dairy
T00061,C1010,2025-11-24,Shampoo,2,130,Personal Care
T00062,C1010,2025-11-17,Butter,2,55,Dairy
T00062,C1010,2025-11-17,Eggs,2,60,Poultry & Protein
T00063,C1007,2025-11-10,Chocolate,2,50,Snacks
T00063,C1007,2025-11-10,Chips,2,20,Snacks
T00063,C1007,2025-11-10,Juice,3,40,Beverages
T00063,C1007,2025-11-10,Sugar,2,45,Grocery
T00064,C1007,2025-08-08,Bread,2,30,Bakery
T00064,C1007,2025-08-08,Eggs,2,60,Poultry & Protein
T00064,C1007,2025-08-08,Butter,2,55,Dairy
T00065,C1007,2025-09-06,Eggs,2,60,Poultry & Protein
T00065,C1007,2025-09-06,Butter,1,55,Dairy
T00066,C1007,2025-08-30,Cooking Oil,1,140,Grocery
T00066,C1007,2025-08-30,Salt,1,20,Grocery
T00066,C1007,2025-08-30,Dal,1,90,Grocery
T00066,C1007,2025-08-30,Milk,3,25,Dairy
T00067,C1007,2025-09-13,Juice,1,40,Beverages
T00067,C1007,2025-09-13,Chocolate,1,50,Snacks
T00067,C1007,2025-09-13,Chips,1,20,Snacks
T00067,C1007,2025-09-13,Milk,2,25,Dairy
T00068,C1007,2025-08-02,Salt,1,20,Grocery
T00068,C1007,2025-08-02,Cooking Oil,1,140,Grocery
T00068,C1007,2025-08-02,Dal,3,90,Grocery
T00068,C1007,2025-08-02,Sugar,2,45,Grocery
T00069,C1007,2025-08-09,Dal,3,90,Grocery
T00069,C1007,2025-08-09,Rice,2,70,Grocery
T00069,C1007,2025-08-09,Cooking Oil,3,140,Grocery
T00069,C1007,2025-08-09,Cheese,1,90,Dairy
T00070,C1007,2025-07-20,Sugar,1,45,Grocery
T00070,C1007,2025-07-20,Biscuits,1,25,Snacks
T00070,C1007,2025-07-20,Tea,1,120,Beverages
T00071,C1012,2025-11-29,Coffee,3,180,Beverages
T00071,C1012,2025-11-29,Milk,2,25,Dairy
T00071,C1012,2025-11-29,Sugar,1,45,Grocery
T00071,C1012,2025-11-29,Bread,1,30,Bakery
T00071,C1012,2025-11-29,Paneer,2,110,Poultry & Protein
T00072,C1012,2025-09-29,Chocolate,1,50,Snacks
T00072,C1012,2025-09-29,Chips,1,20,Snacks
T00072,C1012,2025-09-29,Juice,2,40,Beverages
T00073,C1012,2025-10-04,Milk,1,25,Dairy
T00073,C1012,2025-10-04,Butter,1,55,Dairy
T00073,C1012,2025-10-04,Curd,2,30,Dairy
T00073,C1012,2025-10-04,Paneer,2,110,Poultry & Protein
T00074,C1012,2025-10-31,Juice,2,40,Beverages
T00074,C1012,2025-10-31,Butter,2,55,Dairy
T00074,C1012,2025-10-31,Bread,1,30,Bakery
T00074,C1012,2025-10-31,Paneer,2,110,Poultry & Protein
T00075,C1012,2025-11-06,Bread,1,30,Bakery
T00075,C1012,2025-11-06,Butter,3,55,Dairy
T00076,C1012,2025-06-21,Coffee,2,180,Beverages
T00076,C1012,2025-06-21,Sugar,2,45,Grocery
T00076,C1012,2025-06-21,Biscuits,3,25,Snacks
T00077,C1039,2025-06-09,Biscuits,3,25,Snacks
T00077,C1039,2025-06-09,Sugar,1,45,Grocery
T00077,C1039,2025-06-09,Tea,1,120,Beverages
T00078,C1039,2025-12-19,Butter,1,55,Dairy
T00078,C1039,2025-12-19,Bread,1,30,Bakery
T00078,C1039,2025-12-19,Juice,1,40,Beverages
T00079,C1039,2025-07-13,Salt,1,20,Grocery
T00079,C1039,2025-07-13,Rice,2,70,Grocery
T00079,C1039,2025-07-13,Dal,2,90,Grocery
T00079,C1039,2025-07-13,Juice,2,40,Beverages
T00080,C1039,2025-06-21,Butter,1,55,Dairy
T00080,C1039,2025-06-21,Juice,1,40,Beverages
T00080,C1039,2025-06-21,Eggs,3,60,Poultry & Protein
T00080,C1039,2025-06-21,Milk,2,25,Dairy
T00081,C1039,2025-10-29,Milk,1,25,Dairy
T00081,C1039,2025-10-29,Eggs,1,60,Poultry & Protein
T00081,C1039,2025-10-29,Bread,2,30,Bakery
T00081,C1039,2025-10-29,Chips,2,20,Snacks
T00081,C1039,2025-10-29,Toothpaste,3,60,Personal Care
T00082,C1032,2025-08-29,Soap,3,35,Personal Care
T00082,C1032,2025-08-29,Shampoo,2,130,Personal Care
T00082,C1032,2025-08-29,Toothpaste,1,60,Personal Care
T00082,C1032,2025-08-29,Biscuits,3,25,Snacks
T00083,C1032,2025-09-11,Coffee,1,180,Beverages
T00083,C1032,2025-09-11,Milk,1,25,Dairy
T00083,C1032,2025-09-11,Eggs,2,60,Poultry & Protein
T00084,C1032,2025-12-29,Eggs,2,60,Poultry & Protein
T00084,C1032,2025-12-29,Milk,1,25,Dairy
T00084,C1032,2025-12-29,Butter,1,55,Dairy
T00084,C1032,2025-12-29,Bread,1,30,Bakery
T00084,C1032,2025-12-29,Chocolate,2,50,Snacks
T00084,C1032,2025-12-29,Toothpaste,1,60,Personal Care
T00085,C1032,2025-08-13,Chips,1,20,Snacks
T00085,C1032,2025-08-13,Juice,2,40,Beverages
T00085,C1032,2025-08-13,Chocolate,1,50,Snacks
T00086,C1032,2025-10-20,Shampoo,3,130,Personal Care
T00086,C1032,2025-10-20,Toothpaste,1,60,Personal Care
T00086,C1032,2025-10-20,Cheese,2,90,Dairy
T00087,C1019,2025-08-09,Soap,1,35,Personal Care
T00087,C1019,2025-08-09,Shampoo,2,130,Personal Care
T00087,C1019,2025-08-09,Toothpaste,2,60,Personal Care
T00087,C1019,2025-08-09,Bread,3,30,Bakery
T00087,C1019,2025-08-09,Juice,1,40,Beverages
T00088,C1019,2025-06-18,Cooking Oil,2,140,Grocery
T00088,C1019,2025-06-18,Salt,2,20,Grocery
T00088,C1019,2025-06-18,Dal,3,90,Grocery
T00088,C1019,2025-06-18,Rice,2,70,Grocery
T00088,C1019,2025-06-18,Paneer,1,110,Poultry & Protein
T00089,C1019,2025-09-23,Coffee,1,180,Beverages
T00089,C1019,2025-09-23,Sugar,3,45,Grocery
T00089,C1019,2025-09-23,Milk,1,25,Dairy
T00090,C1019,2025-09-07,Tea,3,120,Beverages
T00090,C1019,2025-09-07,Sugar,3,45,Grocery
T00090,C1019,2025-09-07,Biscuits,1,25,Snacks
T00090,C1019,2025-09-07,Juice,2,40,Beverages
T00091,C1019,2025-06-10,Coffee,3,180,Beverages
T00091,C1019,2025-06-10,Biscuits,1,25,Snacks
T00091,C1019,2025-06-10,Sugar,2,45,Grocery
T00091,C1019,2025-06-10,Milk,3,25,Dairy
T00091,C1019,2025-06-10,Chips,1,20,Snacks
T00092,C1019,2025-06-20,Chocolate,2,50,Snacks
T00092,C1019,2025-06-20,Juice,1,40,Beverages
T00092,C1019,2025-06-20,Chips,3,20,Snacks
T00092,C1019,2025-06-20,Sugar,3,45,Grocery
T00093,C1019,2025-10-17,Bread,3,30,Bakery
T00093,C1019,2025-10-17,Butter,1,55,Dairy
T00093,C1019,2025-10-17,Cookies,2,45,Bakery
T00094,C1019,2025-06-26,Milk,1,25,Dairy
T00094,C1019,2025-06-26,Bread,1,30,Bakery
T00094,C1019,2025-06-26,Butter,1,55,Dairy
T00095,C1019,2025-09-04,Shampoo,1,130,Personal Care
T00095,C1019,2025-09-04,Soap,1,35,Personal Care
T00095,C1019,2025-09-04,Toothpaste,2,60,Personal Care
T00096,C1019,2025-09-06,Butter,1,55,Dairy
T00096,C1019,2025-09-06,Bread,2,30,Bakery
T00096,C1019,2025-09-06,Juice,1,40,Beverages
T00096,C1019,2025-09-06,Toothpaste,3,60,Personal Care
T00097,C1001,2025-11-21,Milk,2,25,Dairy
T00097,C1001,2025-11-21,Coffee,3,180,Beverages
T00097,C1001,2025-11-21,Sugar,1,45,Grocery
T00097,C1001,2025-11-21,Paneer,2,110,Poultry & Protein
T00097,C1001,2025-11-21,Toothpaste,1,60,Personal Care
T00098,C1001,2025-07-21,Shampoo,1,130,Personal Care
T00098,C1001,2025-07-21,Toothpaste,3,60,Personal Care
T00098,C1001,2025-07-21,Soap,1,35,Personal Care
T00098,C1001,2025-07-21,Tea,1,120,Beverages
T00099,C1001,2025-09-10,Rice,1,70,Grocery
T00099,C1001,2025-09-10,Cooking Oil,2,140,Grocery
T00099,C1001,2025-09-10,Paneer,1,110,Poultry & Protein
T00100,C1001,2025-07-27,Biscuits,1,25,Snacks
T00100,C1001,2025-07-27,Tea,2,120,Beverages
T00100,C1001,2025-07-27,Sugar,1,45,Grocery
T00101,C1001,2025-10-27,Bread,1,30,Bakery
T00101,C1001,2025-10-27,Eggs,1,60,Poultry & Protein
T00101,C1001,2025-10-27,Butter,2,55,Dairy
T00101,C1001,2025-10-27,Buns,1,20,Bakery
T00102,C1001,2025-10-07,Cooking Oil,2,140,Grocery
T00102,C1001,2025-10-07,Dal,1,90,Grocery
T00102,C1001,2025-10-07,Salt,1,20,Grocery
T00102,C1001,2025-10-07,Cheese,1,90,Dairy
T00103,C1001,2025-11-21,Shampoo,1,130,Personal Care
T00103,C1001,2025-11-21,Soap,2,35,Personal Care
T00103,C1001,2025-11-21,Toothpaste,1,60,Personal Care
T00103,C1001,2025-11-21,Sugar,3,45,Grocery
T00104,C1001,2025-12-09,Cooking Oil,2,140,Grocery
T00104,C1001,2025-12-09,Rice,2,70,Grocery
T00104,C1001,2025-12-09,Salt,1,20,Grocery
T00104,C1001,2025-12-09,Dal,2,90,Grocery
T00105,C1015,2025-11-10,Juice,1,40,Beverages
T00105,C1015,2025-11-10,Chocolate,1,50,Snacks
T00105,C1015,2025-11-10,Chips,1,20,Snacks
T00106,C1015,2025-06-30,Butter,3,55,Dairy
T00106,C1015,2025-06-30,Milk,3,25,Dairy
T00106,C1015,2025-06-30,Bread,3,30,Bakery
T00106,C1015,2025-06-30,Tea,2,120,Beverages
T00107,C1015,2025-09-16,Butter,1,55,Dairy
T00107,C1015,2025-09-16,Bread,3,30,Bakery
T00107,C1015,2025-09-16,Juice,1,40,Beverages
T00107,C1015,2025-09-16,Biscuits,1,25,Snacks
T00107,C1015,2025-09-16,Eggs,2,60,Poultry & Protein
T00108,C1015,2025-07-31,Butter,1,55,Dairy
T00108,C1015,2025-07-31,Eggs,2,60,Poultry & Protein
T00108,C1015,2025-07-31,Tea,1,120,Beverages
T00108,C1015,2025-07-31,Toothpaste,1,60,Personal Care
T00109,C1015,2025-07-02,Juice,1,40,Beverages
T00109,C1015,2025-07-02,Chips,1,20,Snacks
T00109,C1015,2025-07-02,Milk,1,25,Dairy
T00109,C1015,2025-07-02,Butter,2,55,Dairy
T00110,C1015,2025-06-18,Sugar,2,45,Grocery
T00110,C1015,2025-06-18,Milk,1,25,Dairy
T00110,C1015,2025-06-18,Coffee,1,180,Beverages
T00110,C1015,2025-06-18,Bread,1,30,Bakery
T00111,C1009,2025-12-22,Sugar,1,45,Grocery
T00111,C1009,2025-12-22,Coffee,1,180,Beverages
T00112,C1009,2025-12-20,Tea,1,120,Beverages
T00112,C1009,2025-12-20,Biscuits,3,25,Snacks
T00112,C1009,2025-12-20,Sugar,2,45,Grocery
T00113,C1009,2025-06-30,Bread,1,30,Bakery
T00113,C1009,2025-06-30,Butter,2,55,Dairy
T00113,C1009,2025-06-30,Milk,1,25,Dairy
T00113,C1009,2025-06-30,Salt,3,20,Grocery
T00114,C1009,2025-12-18,Coffee,2,180,Beverages
T00114,C1009,2025-12-18,Milk,3,25,Dairy
T00114,C1009,2025-12-18,Sugar,1,45,Grocery
T00114,C1009,2025-12-18,Juice,2,40,Beverages
T00115,C1009,2025-11-30,Chips,1,20,Snacks
T00115,C1009,2025-11-30,Chocolate,1,50,Snacks
T00115,C1009,2025-11-30,Curd,2,30,Dairy
T00115,C1009,2025-11-30,Bread,3,30,Bakery
T00116,C1009,2025-10-19,Butter,1,55,Dairy
T00116,C1009,2025-10-19,Eggs,3,60,Poultry & Protein
T00116,C1009,2025-10-19,Bread,1,30,Bakery
T00116,C1009,2025-10-19,Biscuits,3,25,Snacks
T00116,C1009,2025-10-19,Soap,3,35,Personal Care
T00117,C1009,2025-12-14,Coffee,2,180,Beverages
T00117,C1009,2025-12-14,Sugar,2,45,Grocery
T00117,C1009,2025-12-14,Milk,2,25,Dairy
T00118,C1009,2025-12-04,Bread,3,30,Bakery
T00118,C1009,2025-12-04,Butter,2,55,Dairy
T00118,C1009,2025-12-04,Milk,1,25,Dairy
T00119,C1009,2025-12-30,Bread,2,30,Bakery
T00119,C1009,2025-12-30,Milk,1,25,Dairy
T00120,C1038,2025-08-24,Bread,1,30,Bakery
T00120,C1038,2025-08-24,Butter,1,55,Dairy
T00120,C1038,2025-08-24,Milk,1,25,Dairy
T00120,C1038,2025-08-24,Soap,2,35,Personal Care
T00121,C1038,2025-10-08,Biscuits,1,25,Snacks
T00121,C1038,2025-10-08,Sugar,2,45,Grocery
T00121,C1038,2025-10-08,Tea,1,120,Beverages
T00122,C1038,2025-06-30,Salt,1,20,Grocery
T00122,C1038,2025-06-30,Cooking Oil,1,140,Grocery
T00122,C1038,2025-06-30,Rice,3,70,Grocery
T00122,C1038,2025-06-30,Eggs,1,60,Poultry & Protein
T00122,C1038,2025-06-30,Milk,1,25,Dairy
T00123,C1038,2025-06-02,Sugar,3,45,Grocery
T00123,C1038,2025-06-02,Biscuits,3,25,Snacks
T00123,C1038,2025-06-02,Coffee,1,180,Beverages
T00124,C1038,2025-06-24,Coffee,1,180,Beverages
T00124,C1038,2025-06-24,Sugar,1,45,Grocery
T00124,C1038,2025-06-24,Milk,3,25,Dairy
T00124,C1038,2025-06-24,Buns,1,20,Bakery
T00125,C1038,2025-10-31,Milk,1,25,Dairy
T00125,C1038,2025-10-31,Butter,2,55,Dairy
T00125,C1038,2025-10-31,Curd,3,30,Dairy
T00126,C1038,2025-09-17,Chocolate,2,50,Snacks
T00126,C1038,2025-09-17,Juice,1,40,Beverages
T00126,C1038,2025-09-17,Chips,1,20,Snacks
T00126,C1038,2025-09-17,Cheese,3,90,Dairy
T00126,C1038,2025-09-17,Tea,3,120,Beverages
T00127,C1038,2025-10-30,Chips,1,20,Snacks
T00127,C1038,2025-10-30,Juice,1,40,Beverages
T00127,C1038,2025-10-30,Chocolate,1,50,Snacks
T00127,C1038,2025-10-30,Milk,1,25,Dairy
T00127,C1038,2025-10-30,Butter,1,55,Dairy
T00128,C1038,2025-08-23,Bread,1,30,Bakery
T00128,C1038,2025-08-23,Butter,2,55,Dairy
T00129,C1038,2025-10-15,Tea,2,120,Beverages
T00129,C1038,2025-10-15,Sugar,1,45,Grocery
T00129,C1038,2025-10-15,Biscuits,1,25,Snacks
T00129,C1038,2025-10-15,Milk,2,25,Dairy
T00130,C1028,2025-11-29,Shampoo,2,130,Personal Care
T00130,C1028,2025-11-29,Soap,2,35,Personal Care
T00130,C1028,2025-11-29,Toothpaste,3,60,Personal Care
T00130,C1028,2025-11-29,Buns,1,20,Bakery
T00131,C1028,2025-06-23,Shampoo,1,130,Personal Care
T00131,C1028,2025-06-23,Soap,2,35,Personal Care
T00131,C1028,2025-06-23,Salt,1,20,Grocery
T00131,C1028,2025-06-23,Juice,3,40,Beverages
T00132,C1028,2025-07-27,Bread,3,30,Bakery
T00132,C1028,2025-07-27,Butter,3,55,Dairy
T00132,C1028,2025-07-27,Eggs,1,60,Poultry & Protein
T00132,C1028,2025-07-27,Tea,1,120,Beverages
T00133,C1028,2025-06-27,Coffee,1,180,Beverages
T00133,C1028,2025-06-27,Sugar,3,45,Grocery
T00133,C1028,2025-06-27,Biscuits,2,25,Snacks
T00134,C1028,2025-12-11,Juice,2,40,Beverages
T00134,C1028,2025-12-11,Butter,1,55,Dairy
T00134,C1028,2025-12-11,Bread,2,30,Bakery
T00135,C1028,2025-09-22,Rice,2,70,Grocery
T00135,C1028,2025-09-22,Dal,1,90,Grocery
T00135,C1028,2025-09-22,Salt,1,20,Grocery
T00135,C1028,2025-09-22,Chips,1,20,Snacks
T00136,C1028,2025-06-20,Bread,1,30,Bakery
T00136,C1028,2025-06-20,Milk,2,25,Dairy
T00136,C1028,2025-06-20,Butter,2,55,Dairy
T00136,C1028,2025-06-20,Cake,2,120,Bakery
T00136,C1028,2025-06-20,Toothpaste,1,60,Personal Care
T00137,C1028,2025-06-16,Chocolate,1,50,Snacks
T00137,C1028,2025-06-16,Chips,1,20,Snacks
T00137,C1028,2025-06-16,Buns,3,20,Bakery
T00137,C1028,2025-06-16,Toothpaste,2,60,Personal Care
T00138,C1029,2025-11-04,Biscuits,3,25,Snacks
T00138,C1029,2025-11-04,Sugar,2,45,Grocery
T00138,C1029,2025-11-04,Coffee,1,180,Beverages
T00139,C1029,2025-12-20,Eggs,1,60,Poultry & Protein
T00139,C1029,2025-12-20,Bread,3,30,Bakery
T00139,C1029,2025-12-20,Paneer,3,110,Poultry & Protein
T00139,C1029,2025-12-20,Juice,2,40,Beverages
T00140,C1029,2025-07-09,Butter,3,55,Dairy
T00140,C1029,2025-07-09,Bread,3,30,Bakery
T00140,C1029,2025-07-09,Paneer,3,110,Poultry & Protein
T00141,C1029,2025-07-04,Butter,3,55,Dairy
T00141,C1029,2025-07-04,Juice,3,40,Beverages
T00141,C1029,2025-07-04,Bread,3,30,Bakery
T00142,C1029,2025-11-23,Sugar,1,45,Grocery
T00142,C1029,2025-11-23,Coffee,1,180,Beverages
T00142,C1029,2025-11-23,Milk,1,25,Dairy
T00142,C1029,2025-11-23,Tea,1,120,Beverages
T00143,C1029,2025-12-14,Chips,1,20,Snacks
T00143,C1029,2025-12-14,Juice,1,40,Beverages
T00143,C1029,2025-12-14,Chocolate,2,50,Snacks
T00144,C1029,2025-12-15,Sugar,2,45,Grocery
T00144,C1029,2025-12-15,Coffee,1,180,Beverages
T00144,C1029,2025-12-15,Bread,1,30,Bakery
T00144,C1029,2025-12-15,Soap,1,35,Personal Care
T00145,C1029,2025-12-15,Juice,3,40,Beverages
T00145,C1029,2025-12-15,Butter,3,55,Dairy
T00145,C1029,2025-12-15,Bread,1,30,Bakery
T00145,C1029,2025-12-15,Tea,2,120,Beverages
T00146,C1029,2025-11-04,Dal,1,90,Grocery
T00146,C1029,2025-11-04,Cooking Oil,3,140,Grocery
T00146,C1029,2025-11-04,Rice,2,70,Grocery
T00146,C1029,2025-11-04,Salt,2,20,Grocery
T00146,C1029,2025-11-04,Cake,2,120,Bakery
T00147,C1029,2025-12-14,Salt,3,20,Grocery
T00147,C1029,2025-12-14,Rice,2,70,Grocery
T00147,C1029,2025-12-14,Cooking Oil,1,140,Grocery
T00147,C1029,2025-12-14,Dal,2,90,Grocery
T00147,C1029,2025-12-14,Butter,1,55,Dairy
T00148,C1034,2025-06-22,Biscuits,1,25,Snacks
T00148,C1034,2025-06-22,Coffee,2,180,Beverages
T00148,C1034,2025-06-22,Sugar,1,45,Grocery
T00149,C1034,2025-06-07,Soap,2,35,Personal Care
T00149,C1034,2025-06-07,Toothpaste,1,60,Personal Care
T00150,C1034,2025-07-28,Milk,1,25,Dairy
T00150,C1034,2025-07-28,Butter,1,55,Dairy
T00150,C1034,2025-07-28,Bread,1,30,Bakery
T00151,C1034,2025-12-30,Juice,1,40,Beverages
T00151,C1034,2025-12-30,Chocolate,1,50,Snacks
T00151,C1034,2025-12-30,Chips,1,20,Snacks
T00151,C1034,2025-12-30,Milk,1,25,Dairy
T00151,C1034,2025-12-30,Curd,2,30,Dairy
T00152,C1039,2025-06-29,Cooking Oil,2,140,Grocery
T00152,C1039,2025-06-29,Rice,3,70,Grocery
T00152,C1039,2025-06-29,Salt,2,20,Grocery
T00153,C1039,2025-09-26,Bread,3,30,Bakery
T00153,C1039,2025-09-26,Milk,1,25,Dairy
T00153,C1039,2025-09-26,Cookies,1,45,Bakery
T00153,C1039,2025-09-26,Shampoo,2,130,Personal Care
T00154,C1039,2025-11-05,Butter,2,55,Dairy
T00154,C1039,2025-11-05,Eggs,1,60,Poultry & Protein
T00154,C1039,2025-11-05,Bread,1,30,Bakery
T00155,C1039,2025-10-18,Coffee,3,180,Beverages
T00155,C1039,2025-10-18,Sugar,2,45,Grocery
T00156,C1039,2025-09-04,Cooking Oil,3,140,Grocery
T00156,C1039,2025-09-04,Rice,3,70,Grocery
T00156,C1039,2025-09-04,Cookies,3,45,Bakery
T00157,C1039,2025-06-27,Bread,1,30,Bakery
T00157,C1039,2025-06-27,Juice,3,40,Beverages
T00157,C1039,2025-06-27,Butter,2,55,Dairy
T00157,C1039,2025-06-27,Coffee,3,180,Beverages
T00157,C1039,2025-06-27,Toothpaste,2,60,Personal Care
T00158,C1039,2025-07-17,Sugar,1,45,Grocery
T00158,C1039,2025-07-17,Biscuits,1,25,Snacks
T00159,C1039,2025-06-12,Sugar,2,45,Grocery
T00159,C1039,2025-06-12,Biscuits,1,25,Snacks
T00159,C1039,2025-06-12,Juice,1,40,Beverages
T00160,C1039,2025-12-10,Sugar,1,45,Grocery
T00160,C1039,2025-12-10,Tea,2,120,Beverages
T00160,C1039,2025-12-10,Biscuits,2,25,Snacks
T00160,C1039,2025-12-10,Cheese,3,90,Dairy
T00161,C1029,2025-07-18,Chocolate,2,50,Snacks
T00161,C1029,2025-07-18,Juice,2,40,Beverages
T00161,C1029,2025-07-18,Chips,1,20,Snacks
T00161,C1029,2025-07-18,Curd,2,30,Dairy
T00162,C1029,2025-08-15,Bread,2,30,Bakery
T00162,C1029,2025-08-15,Eggs,2,60,Poultry & Protein
T00162,C1029,2025-08-15,Paneer,3,110,Poultry & Protein
T00163,C1029,2025-07-13,Chocolate,3,50,Snacks
T00163,C1029,2025-07-13,Chips,1,20,Snacks
T00163,C1029,2025-07-13,Juice,1,40,Beverages
T00163,C1029,2025-07-13,Biscuits,3,25,Snacks
T00163,C1029,2025-07-13,Eggs,3,60,Poultry & Protein
T00164,C1029,2025-09-12,Bread,1,30,Bakery
T00164,C1029,2025-09-12,Butter,1,55,Dairy
T00164,C1029,2025-09-12,Eggs,1,60,Poultry & Protein
T00165,C1029,2025-09-02,Butter,1,55,Dairy
T00165,C1029,2025-09-02,Bread,2,30,Bakery
T00165,C1029,2025-09-02,Eggs,1,60,Poultry & Protein
T00165,C1029,2025-09-02,Tea,2,120,Beverages
T00166,C1029,2025-07-06,Coffee,1,180,Beverages
T00166,C1029,2025-07-06,Sugar,1,45,Grocery
T00166,C1029,2025-07-06,Milk,3,25,Dairy
T00167,C1029,2025-07-18,Juice,1,40,Beverages
T00167,C1029,2025-07-18,Chips,2,20,Snacks
T00167,C1029,2025-07-18,Chocolate,1,50,Snacks
T00168,C1045,2025-07-02,Biscuits,3,25,Snacks
T00168,C1045,2025-07-02,Coffee,1,180,Beverages
T00168,C1045,2025-07-02,Curd,3,30,Dairy
T00169,C1045,2025-11-29,Bread,1,30,Bakery
T00169,C1045,2025-11-29,Milk,1,25,Dairy
T00169,C1045,2025-11-29,Butter,1,55,Dairy
T00169,C1045,2025-11-29,Salt,1,20,Grocery
T00170,C1045,2025-07-31,Chocolate,1,50,Snacks
T00170,C1045,2025-07-31,Juice,2,40,Beverages
T00170,C1045,2025-07-31,Sugar,1,45,Grocery
T00171,C1045,2025-08-19,Toothpaste,1,60,Personal Care
T00171,C1045,2025-08-19,Soap,3,35,Personal Care
T00171,C1045,2025-08-19,Shampoo,1,130,Personal Care
T00171,C1045,2025-08-19,Curd,2,30,Dairy
T00171,C1045,2025-08-19,Bread,2,30,Bakery
T00172,C1044,2025-07-03,Milk,2,25,Dairy
T00172,C1044,2025-07-03,Coffee,1,180,Beverages
T00172,C1044,2025-07-03,Sugar,1,45,Grocery
T00173,C1044,2025-07-13,Sugar,1,45,Grocery
T00173,C1044,2025-07-13,Coffee,1,180,Beverages
T00173,C1044,2025-07-13,Biscuits,3,25,Snacks
T00173,C1044,2025-07-13,Curd,2,30,Dairy
T00173,C1044,2025-07-13,Paneer,1,110,Poultry & Protein
T00174,C1044,2025-11-08,Dal,3,90,Grocery
T00174,C1044,2025-11-08,Cooking Oil,2,140,Grocery
T00174,C1044,2025-11-08,Buns,3,20,Bakery
T00174,C1044,2025-11-08,Bread,2,30,Bakery
T00175,C1044,2025-10-23,Milk,1,25,Dairy
T00175,C1044,2025-10-23,Eggs,2,60,Poultry & Protein
T00175,C1044,2025-10-23,Toothpaste,2,60,Personal Care
T00176,C1044,2025-11-06,Butter,3,55,Dairy
T00176,C1044,2025-11-06,Eggs,2,60,Poultry & Protein
T00176,C1044,2025-11-06,Bread,1,30,Bakery
T00176,C1044,2025-11-06,Milk,2,25,Dairy
T00177,C1044,2025-11-24,Eggs,1,60,Poultry & Protein
T00177,C1044,2025-11-24,Bread,2,30,Bakery
T00177,C1044,2025-11-24,Butter,1,55,Dairy
T00177,C1044,2025-11-24,Cake,1,120,Bakery
T00178,C1021,2025-09-11,Sugar,2,45,Grocery
T00178,C1021,2025-09-11,Coffee,1,180,Beverages
T00178,C1021,2025-09-11,Biscuits,1,25,Snacks
T00179,C1021,2025-09-24,Tea,2,120,Beverages
T00179,C1021,2025-09-24,Biscuits,1,25,Snacks
T00179,C1021,2025-09-24,Sugar,1,45,Grocery
T00179,C1021,2025-09-24,Soap,1,35,Personal Care
T00180,C1021,2025-12-02,Bread,2,30,Bakery
T00180,C1021,2025-12-02,Eggs,1,60,Poultry & Protein
T00180,C1021,2025-12-02,Butter,1,55,Dairy
T00180,C1021,2025-12-02,Paneer,2,110,Poultry & Protein
T00181,C1021,2025-10-08,Chips,1,20,Snacks
T00181,C1021,2025-10-08,Chocolate,2,50,Snacks
T00181,C1021,2025-10-08,Juice,2,40,Beverages
T00182,C1021,2025-11-15,Juice,1,40,Beverages
T00182,C1021,2025-11-15,Chips,3,20,Snacks
T00182,C1021,2025-11-15,Chocolate,1,50,Snacks
T00182,C1021,2025-11-15,Bread,2,30,Bakery
T00183,C1021,2025-06-12,Toothpaste,1,60,Personal Care
T00183,C1021,2025-06-12,Shampoo,1,130,Personal Care
T00183,C1021,2025-06-12,Sugar,2,45,Grocery
T00184,C1021,2025-10-08,Juice,2,40,Beverages
T00184,C1021,2025-10-08,Chips,1,20,Snacks
T00184,C1021,2025-10-08,Chocolate,1,50,Snacks
T00185,C1021,2025-09-02,Sugar,1,45,Grocery
T00185,C1021,2025-09-02,Biscuits,1,25,Snacks
T00185,C1021,2025-09-02,Coffee,3,180,Beverages
T00186,C1021,2025-08-25,Chips,2,20,Snacks
T00186,C1021,2025-08-25,Juice,2,40,Beverages
T00186,C1021,2025-08-25,Chocolate,3,50,Snacks
T00186,C1021,2025-08-25,Buns,1,20,Bakery
T00186,C1021,2025-08-25,Coffee,2,180,Beverages
T00187,C1021,2025-08-26,Sugar,1,45,Grocery
T00187,C1021,2025-08-26,Coffee,1,180,Beverages
T00187,C1021,2025-08-26,Milk,3,25,Dairy
T00188,C1008,2025-08-18,Butter,2,55,Dairy
T00188,C1008,2025-08-18,Eggs,3,60,Poultry & Protein
T00188,C1008,2025-08-18,Milk,3,25,Dairy
T00188,C1008,2025-08-18,Bread,2,30,Bakery
T00188,C1008,2025-08-18,Chocolate,2,50,Snacks
T00188,C1008,2025-08-18,Buns,1,20,Bakery
T00189,C1008,2025-12-28,Biscuits,1,25,Snacks
T00189,C1008,2025-12-28,Tea,2,120,Beverages
T00190,C1008,2025-08-20,Soap,3,35,Personal Care
T00190,C1008,2025-08-20,Shampoo,3,130,Personal Care
T00190,C1008,2025-08-20,Toothpaste,1,60,Personal Care
T00190,C1008,2025-08-20,Chocolate,3,50,Snacks
T00191,C1008,2025-10-11,Biscuits,2,25,Snacks
T00191,C1008,2025-10-11,Sugar,2,45,Grocery
T00191,C1008,2025-10-11,Tea,1,120,Beverages
T00191,C1008,2025-10-11,Buns,2,20,Bakery
T00192,C1008,2025-11-21,Dal,1,90,Grocery
T00192,C1008,2025-11-21,Rice,1,70,Grocery
T00192,C1008,2025-11-21,Salt,3,20,Grocery
T00192,C1008,2025-11-21,Cooking Oil,1,140,Grocery
T00193,C1008,2025-11-24,Chocolate,2,50,Snacks
T00193,C1008,2025-11-24,Juice,3,40,Beverages
T00193,C1008,2025-11-24,Chips,2,20,Snacks
T00193,C1008,2025-11-24,Cheese,2,90,Dairy
T00194,C1026,2025-08-14,Milk,1,25,Dairy
T00194,C1026,2025-08-14,Bread,1,30,Bakery
T00194,C1026,2025-08-14,Butter,2,55,Dairy
T00194,C1026,2025-08-14,Chocolate,1,50,Snacks
T00195,C1026,2025-11-26,Rice,1,70,Grocery
T00195,C1026,2025-11-26,Cooking Oil,3,140,Grocery
T00195,C1026,2025-11-26,Salt,2,20,Grocery
T00196,C1026,2025-07-28,Tea,1,120,Beverages
T00196,C1026,2025-07-28,Sugar,3,45,Grocery
T00196,C1026,2025-07-28,Chocolate,1,50,Snacks
T00197,C1026,2025-06-02,Coffee,1,180,Beverages
T00197,C1026,2025-06-02,Sugar,1,45,Grocery
T00197,C1026,2025-06-02,Milk,1,25,Dairy
T00198,C1026,2025-06-16,Butter,1,55,Dairy
T00198,C1026,2025-06-16,Milk,2,25,Dairy
T00198,C1026,2025-06-16,Bread,2,30,Bakery
T00198,C1026,2025-06-16,Buns,1,20,Bakery
T00199,C1026,2025-12-09,Rice,1,70,Grocery
T00199,C1026,2025-12-09,Dal,1,90,Grocery
T00199,C1026,2025-12-09,Cheese,2,90,Dairy
T00199,C1026,2025-12-09,Soap,3,35,Personal Care
T00200,C1026,2025-10-18,Milk,1,25,Dairy
T00200,C1026,2025-10-18,Coffee,1,180,Beverages
T00200,C1026,2025-10-18,Sugar,1,45,Grocery
T00201,C1030,2025-12-01,Sugar,3,45,Grocery
T00201,C1030,2025-12-01,Biscuits,1,25,Snacks
T00201,C1030,2025-12-01,Shampoo,1,130,Personal Care
T00202,C1030,2025-11-04,Toothpaste,1,60,Personal Care
T00202,C1030,2025-11-04,Soap,1,35,Personal Care
T00202,C1030,2025-11-04,Shampoo,2,130,Personal Care
T00202,C1030,2025-11-04,Cheese,1,90,Dairy
T00203,C1030,2025-06-02,Dal,3,90,Grocery
T00203,C1030,2025-06-02,Salt,2,20,Grocery
T00203,C1030,2025-06-02,Cooking Oil,1,140,Grocery
T00203,C1030,2025-06-02,Rice,1,70,Grocery
T00203,C1030,2025-06-02,Shampoo,3,130,Personal Care
T00204,C1030,2025-11-25,Biscuits,1,25,Snacks
T00204,C1030,2025-11-25,Tea,2,120,Beverages
T00204,C1030,2025-11-25,Paneer,3,110,Poultry & Protein
T00205,C1030,2025-10-07,Cooking Oil,1,140,Grocery
T00205,C1030,2025-10-07,Dal,2,90,Grocery
T00205,C1030,2025-10-07,Cookies,1,45,Bakery
T00206,C1030,2025-12-09,Butter,3,55,Dairy
T00206,C1030,2025-12-09,Juice,2,40,Beverages
T00206,C1030,2025-12-09,Bread,1,30,Bakery
T00207,C1030,2025-10-13,Chips,2,20,Snacks
T00207,C1030,2025-10-13,Juice,2,40,Beverages
T00207,C1030,2025-10-13,Chocolate,1,50,Snacks
T00207,C1030,2025-10-13,Salt,1,20,Grocery
T00207,C1030,2025-10-13,Cake,1,120,Bakery
T00208,C1034,2025-11-22,Tea,2,120,Beverages
T00208,C1034,2025-11-22,Sugar,2,45,Grocery
T00208,C1034,2025-11-22,Biscuits,2,25,Snacks
T00208,C1034,2025-11-22,Bread,2,30,Bakery
T00209,C1034,2025-10-22,Juice,3,40,Beverages
T00209,C1034,2025-10-22,Chips,1,20,Snacks
T00209,C1034,2025-10-22,Chocolate,2,50,Snacks
T00209,C1034,2025-10-22,Milk,1,25,Dairy
T00210,C1034,2025-09-17,Butter,2,55,Dairy
T00210,C1034,2025-09-17,Bread,1,30,Bakery
T00211,C1019,2025-12-14,Biscuits,1,25,Snacks
T00211,C1019,2025-12-14,Sugar,3,45,Grocery
T00211,C1019,2025-12-14,Coffee,3,180,Beverages
T00211,C1019,2025-12-14,Juice,2,40,Beverages
T00212,C1019,2025-11-15,Bread,1,30,Bakery
T00212,C1019,2025-11-15,Eggs,1,60,Poultry & Protein
T00212,C1019,2025-11-15,Cookies,1,45,Bakery
T00213,C1019,2025-11-20,Sugar,2,45,Grocery
T00213,C1019,2025-11-20,Coffee,1,180,Beverages
T00213,C1019,2025-11-20,Milk,1,25,Dairy
T00214,C1019,2025-08-10,Tea,1,120,Beverages
T00214,C1019,2025-08-10,Sugar,1,45,Grocery
T00214,C1019,2025-08-10,Milk,1,25,Dairy
T00214,C1019,2025-08-10,Cookies,2,45,Bakery
T00215,C1003,2025-11-20,Milk,2,25,Dairy
T00215,C1003,2025-11-20,Bread,1,30,Bakery
T00215,C1003,2025-11-20,Butter,1,55,Dairy
T00216,C1003,2025-07-06,Milk,1,25,Dairy
T00216,C1003,2025-07-06,Coffee,1,180,Beverages
T00216,C1003,2025-07-06,Sugar,3,45,Grocery
T00217,C1003,2025-10-12,Sugar,3,45,Grocery
T00217,C1003,2025-10-12,Biscuits,3,25,Snacks
T00217,C1003,2025-10-12,Tea,2,120,Beverages
T00217,C1003,2025-10-12,Buns,2,20,Bakery
T00217,C1003,2025-10-12,Shampoo,2,130,Personal Care
T00218,C1003,2025-08-28,Toothpaste,1,60,Personal Care
T00218,C1003,2025-08-28,Soap,2,35,Personal Care
T00218,C1003,2025-08-28,Shampoo,1,130,Personal Care
T00219,C1003,2025-09-30,Sugar,2,45,Grocery
T00219,C1003,2025-09-30,Tea,2,120,Beverages
T00219,C1003,2025-09-30,Biscuits,2,25,Snacks
T00220,C1003,2025-10-21,Coffee,1,180,Beverages
T00220,C1003,2025-10-21,Milk,3,25,Dairy
T00220,C1003,2025-10-21,Sugar,1,45,Grocery
T00221,C1003,2025-09-24,Butter,1,55,Dairy
T00221,C1003,2025-09-24,Bread,2,30,Bakery
T00222,C1044,2025-06-11,Butter,1,55,Dairy
T00222,C1044,2025-06-11,Milk,1,25,Dairy
T00222,C1044,2025-06-11,Bread,1,30,Bakery
T00223,C1044,2025-07-25,Biscuits,3,25,Snacks
T00223,C1044,2025-07-25,Sugar,2,45,Grocery
T00224,C1044,2025-11-28,Tea,2,120,Beverages
T00224,C1044,2025-11-28,Sugar,3,45,Grocery
T00224,C1044,2025-11-28,Biscuits,1,25,Snacks
T00224,C1044,2025-11-28,Chips,1,20,Snacks
T00225,C1044,2025-09-01,Coffee,1,180,Beverages
T00225,C1044,2025-09-01,Milk,1,25,Dairy
T00225,C1044,2025-09-01,Sugar,2,45,Grocery
T00225,C1044,2025-09-01,Cake,1,120,Bakery
T00226,C1044,2025-10-23,Tea,1,120,Beverages
T00226,C1044,2025-10-23,Sugar,1,45,Grocery
T00226,C1044,2025-10-23,Biscuits,1,25,Snacks
T00226,C1044,2025-10-23,Bread,2,30,Bakery
T00227,C1044,2025-12-31,Biscuits,3,25,Snacks
T00227,C1044,2025-12-31,Sugar,2,45,Grocery
T00227,C1044,2025-12-31,Tea,2,120,Beverages
T00227,C1044,2025-12-31,Toothpaste,1,60,Personal Care
T00228,C1044,2025-12-05,Bread,2,30,Bakery
T00228,C1044,2025-12-05,Eggs,1,60,Poultry & Protein
T00228,C1044,2025-12-05,Butter,1,55,Dairy
T00228,C1044,2025-12-05,Toothpaste,3,60,Personal Care
T00229,C1044,2025-06-13,Bread,1,30,Bakery
T00229,C1044,2025-06-13,Butter,1,55,Dairy
T00229,C1044,2025-06-13,Milk,2,25,Dairy
T00229,C1044,2025-06-13,Eggs,2,60,Poultry & Protein
T00230,C1044,2025-06-16,Juice,2,40,Beverages
T00230,C1044,2025-06-16,Butter,2,55,Dairy
T00230,C1044,2025-06-16,Bread,2,30,Bakery
T00231,C1044,2025-06-04,Butter,1,55,Dairy
T00231,C1044,2025-06-04,Milk,1,25,Dairy
T00231,C1044,2025-06-04,Bread,2,30,Bakery
T00232,C1010,2025-11-06,Coffee,1,180,Beverages
T00232,C1010,2025-11-06,Sugar,2,45,Grocery
T00232,C1010,2025-11-06,Milk,2,25,Dairy
T00233,C1010,2025-08-02,Biscuits,2,25,Snacks
T00233,C1010,2025-08-02,Tea,2,120,Beverages
T00233,C1010,2025-08-02,Sugar,2,45,Grocery
T00234,C1010,2025-10-20,Juice,1,40,Beverages
T00234,C1010,2025-10-20,Chips,2,20,Snacks
T00235,C1010,2025-09-20,Butter,1,55,Dairy
T00235,C1010,2025-09-20,Bread,3,30,Bakery
T00236,C1037,2025-06-12,Butter,1,55,Dairy
T00236,C1037,2025-06-12,Milk,2,25,Dairy
T00236,C1037,2025-06-12,Bread,1,30,Bakery
T00237,C1037,2025-12-10,Soap,2,35,Personal Care
T00237,C1037,2025-12-10,Shampoo,3,130,Personal Care
T00237,C1037,2025-12-10,Cookies,2,45,Bakery
T00238,C1037,2025-09-07,Sugar,1,45,Grocery
T00238,C1037,2025-09-07,Biscuits,2,25,Snacks
T00239,C1037,2025-07-30,Butter,3,55,Dairy
T00239,C1037,2025-07-30,Bread,1,30,Bakery
T00239,C1037,2025-07-30,Milk,2,25,Dairy
T00240,C1037,2025-07-29,Eggs,2,60,Poultry & Protein
T00240,C1037,2025-07-29,Bread,1,30,Bakery
T00240,C1037,2025-07-29,Butter,1,55,Dairy
T00241,C1037,2025-11-30,Bread,1,30,Bakery
T00241,C1037,2025-11-30,Milk,3,25,Dairy
T00241,C1037,2025-11-30,Toothpaste,2,60,Personal Care
T00242,C1021,2025-06-24,Eggs,1,60,Poultry & Protein
T00242,C1021,2025-06-24,Bread,1,30,Bakery
T00242,C1021,2025-06-24,Butter,1,55,Dairy
T00243,C1021,2025-09-23,Milk,1,25,Dairy
T00243,C1021,2025-09-23,Sugar,2,45,Grocery
T00243,C1021,2025-09-23,Coffee,2,180,Beverages
T00244,C1021,2025-12-18,Bread,3,30,Bakery
T00244,C1021,2025-12-18,Eggs,2,60,Poultry & Protein
T00244,C1021,2025-12-18,Butter,1,55,Dairy
T00244,C1021,2025-12-18,Curd,2,30,Dairy
T00245,C1021,2025-07-14,Shampoo,1,130,Personal Care
T00245,C1021,2025-07-14,Soap,1,35,Personal Care
T00245,C1021,2025-07-14,Toothpaste,1,60,Personal Care
T00245,C1021,2025-07-14,Chocolate,2,50,Snacks
T00246,C1021,2025-08-10,Soap,3,35,Personal Care
T00246,C1021,2025-08-10,Shampoo,3,130,Personal Care
T00246,C1021,2025-08-10,Toothpaste,2,60,Personal Care
T00246,C1021,2025-08-10,Cookies,2,45,Bakery
T00247,C1021,2025-11-05,Tea,2,120,Beverages
T00247,C1021,2025-11-05,Biscuits,1,25,Snacks
T00247,C1021,2025-11-05,Sugar,2,45,Grocery
T00248,C1025,2025-08-25,Soap,1,35,Personal Care
T00248,C1025,2025-08-25,Toothpaste,2,60,Personal Care
T00248,C1025,2025-08-25,Shampoo,1,130,Personal Care
T00248,C1025,2025-08-25,Coffee,1,180,Beverages
T00249,C1025,2025-12-06,Chocolate,1,50,Snacks
T00249,C1025,2025-12-06,Juice,2,40,Beverages
T00249,C1025,2025-12-06,Chips,1,20,Snacks
T00249,C1025,2025-12-06,Tea,2,120,Beverages
T00250,C1025,2025-07-17,Sugar,2,45,Grocery
T00250,C1025,2025-07-17,Coffee,1,180,Beverages
T00251,C1025,2025-12-30,Butter,1,55,Dairy
T00251,C1025,2025-12-30,Bread,3,30,Bakery
T00251,C1025,2025-12-30,Milk,1,25,Dairy
T00251,C1025,2025-12-30,Cookies,3,45,Bakery
T00252,C1025,2025-09-17,Soap,2,35,Personal Care
T00252,C1025,2025-09-17,Toothpaste,3,60,Personal Care
T00252,C1025,2025-09-17,Sugar,2,45,Grocery
T00252,C1025,2025-09-17,Juice,2,40,Beverages
T00253,C1025,2025-12-20,Bread,3,30,Bakery
T00253,C1025,2025-12-20,Butter,2,55,Dairy
T00253,C1025,2025-12-20,Buns,1,20,Bakery
T00254,C1037,2025-11-13,Soap,1,35,Personal Care
T00254,C1037,2025-11-13,Shampoo,1,130,Personal Care
T00254,C1037,2025-11-13,Toothpaste,2,60,Personal Care
T00255,C1037,2025-12-09,Coffee,3,180,Beverages
T00255,C1037,2025-12-09,Sugar,2,45,Grocery
T00255,C1037,2025-12-09,Milk,1,25,Dairy
T00255,C1037,2025-12-09,Shampoo,1,130,Personal Care
T00256,C1037,2025-06-07,Chocolate,1,50,Snacks
T00256,C1037,2025-06-07,Juice,3,40,Beverages
T00257,C1037,2025-08-29,Salt,1,20,Grocery
T00257,C1037,2025-08-29,Rice,2,70,Grocery
T00257,C1037,2025-08-29,Dal,3,90,Grocery
T00257,C1037,2025-08-29,Chocolate,3,50,Snacks
T00258,C1037,2025-08-21,Milk,1,25,Dairy
T00258,C1037,2025-08-21,Butter,3,55,Dairy
T00258,C1037,2025-08-21,Bread,1,30,Bakery
T00258,C1037,2025-08-21,Toothpaste,3,60,Personal Care
T00259,C1037,2025-08-02,Sugar,1,45,Grocery
T00259,C1037,2025-08-02,Milk,2,25,Dairy
T00259,C1037,2025-08-02,Coffee,3,180,Beverages
T00259,C1037,2025-08-02,Biscuits,1,25,Snacks
T00259,C1037,2025-08-02,Chips,1,20,Snacks
T00260,C1037,2025-11-16,Shampoo,1,130,Personal Care
T00260,C1037,2025-11-16,Toothpaste,3,60,Personal Care
T00260,C1037,2025-11-16,Soap,1,35,Personal Care
T00260,C1037,2025-11-16,Biscuits,1,25,Snacks
T00260,C1037,2025-11-16,Juice,1,40,Beverages
T00261,C1037,2025-12-10,Butter,1,55,Dairy
T00261,C1037,2025-12-10,Milk,2,25,Dairy
T00261,C1037,2025-12-10,Coffee,1,180,Beverages
T00262,C1037,2025-08-07,Juice,1,40,Beverages
T00262,C1037,2025-08-07,Chocolate,2,50,Snacks
T00262,C1037,2025-08-07,Chips,2,20,Snacks
T00262,C1037,2025-08-07,Cheese,1,90,Dairy
T00262,C1037,2025-08-07,Tea,3,120,Beverages
T00263,C1020,2025-06-22,Coffee,1,180,Beverages
T00263,C1020,2025-06-22,Sugar,1,45,Grocery
T00263,C1020,2025-06-22,Biscuits,3,25,Snacks
T00264,C1020,2025-07-07,Coffee,2,180,Beverages
T00264,C1020,2025-07-07,Milk,3,25,Dairy
T00264,C1020,2025-07-07,Sugar,2,45,Grocery
T00264,C1020,2025-07-07,Buns,3,20,Bakery
T00265,C1020,2025-11-13,Biscuits,1,25,Snacks
T00265,C1020,2025-11-13,Sugar,2,45,Grocery
T00265,C1020,2025-11-13,Coffee,2,180,Beverages
T00266,C1020,2025-08-31,Bread,2,30,Bakery
T00266,C1020,2025-08-31,Milk,3,25,Dairy
T00266,C1020,2025-08-31,Eggs,2,60,Poultry & Protein
T00266,C1020,2025-08-31,Butter,2,55,Dairy
T00266,C1020,2025-08-31,Chocolate,1,50,Snacks
T00267,C1020,2025-10-23,Butter,2,55,Dairy
T00267,C1020,2025-10-23,Milk,1,25,Dairy
T00267,C1020,2025-10-23,Bread,1,30,Bakery
T00268,C1020,2025-10-23,Juice,1,40,Beverages
T00268,C1020,2025-10-23,Chips,2,20,Snacks
T00268,C1020,2025-10-23,Sugar,1,45,Grocery
T00269,C1020,2025-12-12,Chocolate,2,50,Snacks
T00269,C1020,2025-12-12,Chips,1,20,Snacks
T00269,C1020,2025-12-12,Juice,1,40,Beverages
T00269,C1020,2025-12-12,Butter,1,55,Dairy
T00270,C1029,2025-07-24,Juice,1,40,Beverages
T00270,C1029,2025-07-24,Butter,1,55,Dairy
T00270,C1029,2025-07-24,Bread,2,30,Bakery
T00270,C1029,2025-07-24,Cake,1,120,Bakery
T00271,C1029,2025-08-11,Butter,3,55,Dairy
T00271,C1029,2025-08-11,Juice,1,40,Beverages
T00271,C1029,2025-08-11,Bread,1,30,Bakery
T00271,C1029,2025-08-11,Eggs,2,60,Poultry & Protein
T00271,C1029,2025-08-11,Salt,1,20,Grocery
T00272,C1029,2025-08-10,Coffee,3,180,Beverages
T00272,C1029,2025-08-10,Sugar,2,45,Grocery
T00272,C1029,2025-08-10,Biscuits,2,25,Snacks
T00273,C1029,2025-07-07,Juice,3,40,Beverages
T00273,C1029,2025-07-07,Butter,1,55,Dairy
T00273,C1029,2025-07-07,Bread,2,30,Bakery
T00273,C1029,2025-07-07,Curd,2,30,Dairy
T00274,C1018,2025-09-25,Juice,3,40,Beverages
T00274,C1018,2025-09-25,Chips,3,20,Snacks
T00274,C1018,2025-09-25,Chocolate,1,50,Snacks
T00274,C1018,2025-09-25,Toothpaste,1,60,Personal Care
T00275,C1018,2025-12-21,Milk,1,25,Dairy
T00275,C1018,2025-12-21,Coffee,1,180,Beverages
T00275,C1018,2025-12-21,Sugar,1,45,Grocery
T00275,C1018,2025-12-21,Eggs,2,60,Poultry & Protein
T00276,C1018,2025-07-04,Butter,3,55,Dairy
T00276,C1018,2025-07-04,Bread,2,30,Bakery
T00276,C1018,2025-07-04,Juice,1,40,Beverages
T00277,C1018,2025-07-02,Biscuits,3,25,Snacks
T00277,C1018,2025-07-02,Coffee,1,180,Beverages
T00277,C1018,2025-07-02,Sugar,3,45,Grocery
T00278,C1018,2025-08-17,Coffee,1,180,Beverages
T00278,C1018,2025-08-17,Biscuits,3,25,Snacks
T00278,C1018,2025-08-17,Sugar,3,45,Grocery
T00279,C1018,2025-06-14,Toothpaste,3,60,Personal Care
T00279,C1018,2025-06-14,Shampoo,1,130,Personal Care
T00279,C1018,2025-06-14,Soap,1,35,Personal Care
T00280,C1018,2025-10-01,Butter,1,55,Dairy
T00280,C1018,2025-10-01,Milk,3,25,Dairy
T00280,C1018,2025-10-01,Bread,1,30,Bakery
T00281,C1008,2025-07-04,Chips,3,20,Snacks
T00281,C1008,2025-07-04,Chocolate,1,50,Snacks
T00282,C1008,2025-06-27,Eggs,3,60,Poultry & Protein
T00282,C1008,2025-06-27,Bread,3,30,Bakery
T00282,C1008,2025-06-27,Butter,1,55,Dairy
T00283,C1008,2025-06-18,Sugar,3,45,Grocery
T00283,C1008,2025-06-18,Milk,1,25,Dairy
T00283,C1008,2025-06-18,Tea,3,120,Beverages
T00284,C1008,2025-07-09,Shampoo,1,130,Personal Care
T00284,C1008,2025-07-09,Toothpaste,2,60,Personal Care
T00284,C1008,2025-07-09,Soap,3,35,Personal Care
T00285,C1008,2025-09-07,Eggs,1,60,Poultry & Protein
T00285,C1008,2025-09-07,Bread,1,30,Bakery
T00285,C1008,2025-09-07,Butter,2,55,Dairy
T00285,C1008,2025-09-07,Toothpaste,2,60,Personal Care
T00286,C1008,2025-11-01,Juice,2,40,Beverages
T00286,C1008,2025-11-01,Bread,2,30,Bakery
T00286,C1008,2025-11-01,Butter,2,55,Dairy
T00287,C1008,2025-12-09,Toothpaste,1,60,Personal Care
T00287,C1008,2025-12-09,Shampoo,1,130,Personal Care
T00287,C1008,2025-12-09,Soap,2,35,Personal Care
T00287,C1008,2025-12-09,Juice,3,40,Beverages
T00288,C1039,2025-06-04,Bread,3,30,Bakery
T00288,C1039,2025-06-04,Eggs,1,60,Poultry & Protein
T00288,C1039,2025-06-04,Butter,2,55,Dairy
T00288,C1039,2025-06-04,Sugar,1,45,Grocery
T00289,C1039,2025-06-05,Bread,1,30,Bakery
T00289,C1039,2025-06-05,Butter,1,55,Dairy
T00290,C1039,2025-12-20,Toothpaste,3,60,Personal Care
T00290,C1039,2025-12-20,Soap,2,35,Personal Care
T00290,C1039,2025-12-20,Shampoo,2,130,Personal Care
T00290,C1039,2025-12-20,Curd,2,30,Dairy
T00291,C1039,2025-08-11,Milk,2,25,Dairy
T00291,C1039,2025-08-11,Butter,3,55,Dairy
T00291,C1039,2025-08-11,Bread,3,30,Bakery
T00291,C1039,2025-08-11,Coffee,3,180,Beverages
T00291,C1039,2025-08-11,Juice,3,40,Beverages
T00292,C1005,2025-09-20,Tea,2,120,Beverages
T00292,C1005,2025-09-20,Biscuits,2,25,Snacks
T00292,C1005,2025-09-20,Cheese,2,90,Dairy
T00293,C1005,2025-06-15,Rice,1,70,Grocery
T00293,C1005,2025-06-15,Salt,2,20,Grocery
T00293,C1005,2025-06-15,Cooking Oil,1,140,Grocery
T00294,C1005,2025-10-12,Milk,1,25,Dairy
T00294,C1005,2025-10-12,Coffee,1,180,Beverages
T00294,C1005,2025-10-12,Sugar,2,45,Grocery
T00294,C1005,2025-10-12,Cheese,1,90,Dairy
T00295,C1005,2025-06-17,Salt,2,20,Grocery
T00295,C1005,2025-06-17,Dal,2,90,Grocery
T00295,C1005,2025-06-17,Butter,1,55,Dairy
T00295,C1005,2025-06-17,Tea,1,120,Beverages
T00296,C1005,2025-07-11,Rice,1,70,Grocery
T00296,C1005,2025-07-11,Salt,1,20,Grocery
T00296,C1005,2025-07-11,Milk,1,25,Dairy
T00296,C1005,2025-07-11,Butter,2,55,Dairy
T00297,C1005,2025-09-02,Shampoo,1,130,Personal Care
T00297,C1005,2025-09-02,Toothpaste,1,60,Personal Care
T00297,C1005,2025-09-02,Soap,2,35,Personal Care
T00298,C1005,2025-08-21,Cooking Oil,1,140,Grocery
T00298,C1005,2025-08-21,Rice,2,70,Grocery
T00298,C1005,2025-08-21,Buns,1,20,Bakery
T00298,C1005,2025-08-21,Butter,2,55,Dairy
T00299,C1005,2025-06-18,Chocolate,1,50,Snacks
T00299,C1005,2025-06-18,Juice,1,40,Beverages
T00299,C1005,2025-06-18,Chips,1,20,Snacks
T00299,C1005,2025-06-18,Milk,2,25,Dairy
T00300,C1005,2025-12-18,Salt,3,20,Grocery
T00300,C1005,2025-12-18,Dal,2,90,Grocery
T00300,C1005,2025-12-18,Cooking Oil,1,140,Grocery
T00301,C1010,2025-06-07,Biscuits,3,25,Snacks
T00301,C1010,2025-06-07,Tea,2,120,Beverages
T00301,C1010,2025-06-07,Sugar,3,45,Grocery
T00302,C1010,2025-12-04,Dal,2,90,Grocery
T00302,C1010,2025-12-04,Cooking Oil,2,140,Grocery
T00303,C1010,2025-07-07,Rice,2,70,Grocery
T00303,C1010,2025-07-07,Salt,3,20,Grocery
T00303,C1010,2025-07-07,Biscuits,1,25,Snacks
T00303,C1010,2025-07-07,Tea,2,120,Beverages
T00304,C1007,2025-11-11,Toothpaste,1,60,Personal Care
T00304,C1007,2025-11-11,Shampoo,1,130,Personal Care
T00304,C1007,2025-11-11,Bread,1,30,Bakery
T00305,C1007,2025-12-23,Soap,1,35,Personal Care
T00305,C1007,2025-12-23,Toothpaste,1,60,Personal Care
T00305,C1007,2025-12-23,Shampoo,1,130,Personal Care
T00306,C1007,2025-12-17,Bread,2,30,Bakery
T00306,C1007,2025-12-17,Juice,2,40,Beverages
T00307,C1007,2025-09-13,Milk,1,25,Dairy
T00307,C1007,2025-09-13,Bread,1,30,Bakery
T00307,C1007,2025-09-13,Butter,1,55,Dairy
T00307,C1007,2025-09-13,Eggs,3,60,Poultry & Protein
T00308,C1007,2025-08-17,Bread,1,30,Bakery
T00308,C1007,2025-08-17,Butter,3,55,Dairy
T00309,C1007,2025-08-31,Toothpaste,1,60,Personal Care
T00309,C1007,2025-08-31,Soap,2,35,Personal Care
T00309,C1007,2025-08-31,Buns,2,20,Bakery
T00310,C1036,2025-08-03,Milk,1,25,Dairy
T00310,C1036,2025-08-03,Butter,1,55,Dairy
T00310,C1036,2025-08-03,Bread,1,30,Bakery
T00311,C1036,2025-07-21,Toothpaste,1,60,Personal Care
T00311,C1036,2025-07-21,Shampoo,1,130,Personal Care
T00311,C1036,2025-07-21,Soap,1,35,Personal Care
T00312,C1036,2025-11-13,Chips,2,20,Snacks
T00312,C1036,2025-11-13,Chocolate,1,50,Snacks
T00312,C1036,2025-11-13,Juice,1,40,Beverages
T00313,C1036,2025-09-19,Shampoo,1,130,Personal Care
T00313,C1036,2025-09-19,Soap,1,35,Personal Care
T00313,C1036,2025-09-19,Toothpaste,1,60,Personal Care
T00314,C1036,2025-08-10,Dal,2,90,Grocery
T00314,C1036,2025-08-10,Rice,2,70,Grocery
T00314,C1036,2025-08-10,Cooking Oil,1,140,Grocery
T00314,C1036,2025-08-10,Salt,1,20,Grocery
T00314,C1036,2025-08-10,Biscuits,1,25,Snacks
T00315,C1036,2025-09-07,Coffee,2,180,Beverages
T00315,C1036,2025-09-07,Sugar,2,45,Grocery
T00315,C1036,2025-09-07,Biscuits,2,25,Snacks
T00315,C1036,2025-09-07,Tea,1,120,Beverages
T00316,C1036,2025-10-07,Eggs,1,60,Poultry & Protein
T00316,C1036,2025-10-07,Bread,1,30,Bakery
T00316,C1036,2025-10-07,Butter,1,55,Dairy
T00316,C1036,2025-10-07,Soap,1,35,Personal Care
T00317,C1036,2025-12-25,Juice,1,40,Beverages
T00317,C1036,2025-12-25,Chips,3,20,Snacks
T00317,C1036,2025-12-25,Chocolate,1,50,Snacks
T00318,C1036,2025-08-08,Milk,1,25,Dairy
T00318,C1036,2025-08-08,Coffee,1,180,Beverages
T00318,C1036,2025-08-08,Buns,2,20,Bakery
T00319,C1036,2025-12-24,Butter,2,55,Dairy
T00319,C1036,2025-12-24,Eggs,1,60,Poultry & Protein
T00319,C1036,2025-12-24,Bread,2,30,Bakery
T00319,C1036,2025-12-24,Shampoo,2,130,Personal Care
T00320,C1036,2025-08-19,Coffee,2,180,Beverages
T00320,C1036,2025-08-19,Sugar,1,45,Grocery
T00320,C1036,2025-08-19,Biscuits,1,25,Snacks
T00321,C1034,2025-08-24,Bread,1,30,Bakery
T00321,C1034,2025-08-24,Butter,1,55,Dairy
T00321,C1034,2025-08-24,Juice,2,40,Beverages
T00322,C1034,2025-07-07,Milk,1,25,Dairy
T00322,C1034,2025-07-07,Bread,1,30,Bakery
T00322,C1034,2025-07-07,Butter,1,55,Dairy
T00322,C1034,2025-07-07,Cheese,1,90,Dairy
T00322,C1034,2025-07-07,Coffee,3,180,Beverages
T00323,C1034,2025-09-20,Chips,1,20,Snacks
T00323,C1034,2025-09-20,Chocolate,3,50,Snacks
T00323,C1034,2025-09-20,Juice,3,40,Beverages
T00323,C1034,2025-09-20,Buns,1,20,Bakery
T00324,C1034,2025-07-03,Sugar,2,45,Grocery
T00324,C1034,2025-07-03,Biscuits,1,25,Snacks
T00324,C1034,2025-07-03,Buns,2,20,Bakery
T00324,C1034,2025-07-03,Butter,1,55,Dairy
T00325,C1034,2025-10-23,Milk,1,25,Dairy
T00325,C1034,2025-10-23,Bread,1,30,Bakery
T00325,C1034,2025-10-23,Butter,1,55,Dairy
T00326,C1034,2025-11-10,Bread,1,30,Bakery
T00326,C1034,2025-11-10,Milk,3,25,Dairy
T00326,C1034,2025-11-10,Butter,1,55,Dairy
T00327,C1034,2025-08-29,Rice,3,70,Grocery
T00327,C1034,2025-08-29,Salt,2,20,Grocery
T00327,C1034,2025-08-29,Chips,1,20,Snacks
T00328,C1027,2025-08-29,Milk,2,25,Dairy
T00328,C1027,2025-08-29,Coffee,1,180,Beverages
T00328,C1027,2025-08-29,Sugar,1,45,Grocery
T00329,C1027,2025-08-15,Butter,2,55,Dairy
T00329,C1027,2025-08-15,Milk,1,25,Dairy
T00329,C1027,2025-08-15,Eggs,3,60,Poultry & Protein
T00329,C1027,2025-08-15,Buns,1,20,Bakery
T00330,C1027,2025-06-24,Butter,2,55,Dairy
T00330,C1027,2025-06-24,Bread,2,30,Bakery
T00330,C1027,2025-06-24,Eggs,1,60,Poultry & Protein
T00331,C1027,2025-06-14,Milk,3,25,Dairy
T00331,C1027,2025-06-14,Butter,1,55,Dairy
T00331,C1027,2025-06-14,Bread,1,30,Bakery
T00331,C1027,2025-06-14,Eggs,1,60,Poultry & Protein
T00331,C1027,2025-06-14,Sugar,1,45,Grocery
T00332,C1027,2025-06-13,Shampoo,2,130,Personal Care
T00332,C1027,2025-06-13,Toothpaste,1,60,Personal Care
T00332,C1027,2025-06-13,Soap,1,35,Personal Care
T00333,C1027,2025-11-08,Bread,1,30,Bakery
T00333,C1027,2025-11-08,Juice,3,40,Beverages
T00333,C1027,2025-11-08,Butter,1,55,Dairy
T00334,C1027,2025-06-21,Chocolate,3,50,Snacks
T00334,C1027,2025-06-21,Juice,1,40,Beverages
T00335,C1027,2025-06-24,Milk,2,25,Dairy
T00335,C1027,2025-06-24,Coffee,1,180,Beverages
T00335,C1027,2025-06-24,Sugar,1,45,Grocery
T00335,C1027,2025-06-24,Buns,2,20,Bakery
T00336,C1030,2025-08-08,Bread,3,30,Bakery
T00336,C1030,2025-08-08,Juice,1,40,Beverages
T00337,C1030,2025-09-14,Juice,3,40,Beverages
T00337,C1030,2025-09-14,Bread,2,30,Bakery
T00337,C1030,2025-09-14,Butter,2,55,Dairy
T00337,C1030,2025-09-14,Biscuits,1,25,Snacks
T00337,C1030,2025-09-14,Sugar,2,45,Grocery
T00338,C1030,2025-08-16,Butter,2,55,Dairy
T00338,C1030,2025-08-16,Milk,1,25,Dairy
T00338,C1030,2025-08-16,Bread,1,30,Bakery
T00339,C1030,2025-07-25,Tea,3,120,Beverages
T00339,C1030,2025-07-25,Sugar,1,45,Grocery
T00339,C1030,2025-07-25,Biscuits,2,25,Snacks
T00339,C1030,2025-07-25,Cake,1,120,Bakery
T00340,C1030,2025-12-04,Bread,2,30,Bakery
T00340,C1030,2025-12-04,Butter,2,55,Dairy
T00340,C1030,2025-12-04,Eggs,1,60,Poultry & Protein
T00340,C1030,2025-12-04,Coffee,3,180,Beverages
T00341,C1030,2025-11-07,Bread,2,30,Bakery
T00341,C1030,2025-11-07,Butter,2,55,Dairy
T00341,C1030,2025-11-07,Juice,2,40,Beverages
T00342,C1007,2025-12-17,Butter,3,55,Dairy
T00342,C1007,2025-12-17,Bread,2,30,Bakery
T00342,C1007,2025-12-17,Milk,2,25,Dairy
T00342,C1007,2025-12-17,Juice,2,40,Beverages
T00343,C1007,2025-09-30,Butter,1,55,Dairy
T00343,C1007,2025-09-30,Bread,2,30,Bakery
T00343,C1007,2025-09-30,Milk,1,25,Dairy
T00343,C1007,2025-09-30,Juice,3,40,Beverages
T00343,C1007,2025-09-30,Soap,1,35,Personal Care
T00344,C1007,2025-06-13,Chocolate,1,50,Snacks
T00344,C1007,2025-06-13,Chips,2,20,Snacks
T00344,C1007,2025-06-13,Juice,3,40,Beverages
T00344,C1007,2025-06-13,Paneer,3,110,Poultry & Protein
T00345,C1007,2025-07-29,Sugar,2,45,Grocery
T00345,C1007,2025-07-29,Biscuits,3,25,Snacks
T00345,C1007,2025-07-29,Coffee,1,180,Beverages
T00346,C1013,2025-12-28,Toothpaste,1,60,Personal Care
T00346,C1013,2025-12-28,Soap,3,35,Personal Care
T00346,C1013,2025-12-28,Shampoo,2,130,Personal Care
T00346,C1013,2025-12-28,Buns,2,20,Bakery
T00346,C1013,2025-12-28,Curd,1,30,Dairy
T00347,C1013,2025-10-24,Bread,1,30,Bakery
T00347,C1013,2025-10-24,Milk,2,25,Dairy
T00347,C1013,2025-10-24,Butter,1,55,Dairy
T00348,C1013,2025-09-01,Sugar,3,45,Grocery
T00348,C1013,2025-09-01,Biscuits,1,25,Snacks
T00348,C1013,2025-09-01,Tea,1,120,Beverages
T00349,C1013,2025-09-04,Chips,1,20,Snacks
T00349,C1013,2025-09-04,Chocolate,3,50,Snacks
T00349,C1013,2025-09-04,Juice,3,40,Beverages
T00349,C1013,2025-09-04,Buns,1,20,Bakery
T00350,C1013,2025-06-08,Shampoo,3,130,Personal Care
T00350,C1013,2025-06-08,Toothpaste,1,60,Personal Care
T00351,C1013,2025-11-21,Biscuits,2,25,Snacks
T00351,C1013,2025-11-21,Sugar,1,45,Grocery
T00351,C1013,2025-11-21,Tea,3,120,Beverages
T00352,C1012,2025-07-28,Cooking Oil,1,140,Grocery
T00352,C1012,2025-07-28,Dal,1,90,Grocery
T00352,C1012,2025-07-28,Salt,2,20,Grocery
T00352,C1012,2025-07-28,Chips,1,20,Snacks
T00353,C1012,2025-10-12,Juice,3,40,Beverages
T00353,C1012,2025-10-12,Bread,2,30,Bakery
T00353,C1012,2025-10-12,Butter,2,55,Dairy
T00353,C1012,2025-10-12,Sugar,1,45,Grocery
T00353,C1012,2025-10-12,Tea,1,120,Beverages
T00354,C1012,2025-11-23,Milk,1,25,Dairy
T00354,C1012,2025-11-23,Bread,3,30,Bakery
T00354,C1012,2025-11-23,Butter,3,55,Dairy
T00354,C1012,2025-11-23,Eggs,3,60,Poultry & Protein
T00355,C1012,2025-08-16,Biscuits,3,25,Snacks
T00355,C1012,2025-08-16,Tea,1,120,Beverages
T00355,C1012,2025-08-16,Sugar,3,45,Grocery
T00355,C1012,2025-08-16,Coffee,1,180,Beverages
T00355,C1012,2025-08-16,Juice,3,40,Beverages
T00356,C1012,2025-08-15,Salt,3,20,Grocery
T00356,C1012,2025-08-15,Dal,2,90,Grocery
T00356,C1012,2025-08-15,Rice,3,70,Grocery
T00356,C1012,2025-08-15,Cooking Oil,2,140,Grocery
T00356,C1012,2025-08-15,Cookies,3,45,Bakery
T00357,C1012,2025-08-31,Milk,2,25,Dairy
T00357,C1012,2025-08-31,Sugar,1,45,Grocery
T00357,C1012,2025-08-31,Coffee,3,180,Beverages
T00358,C1012,2025-12-03,Sugar,1,45,Grocery
T00358,C1012,2025-12-03,Coffee,1,180,Beverages
T00358,C1012,2025-12-03,Milk,3,25,Dairy
T00359,C1012,2025-08-18,Soap,2,35,Personal Care
T00359,C1012,2025-08-18,Toothpaste,1,60,Personal Care
T00359,C1012,2025-08-18,Shampoo,3,130,Personal Care
T00359,C1012,2025-08-18,Cheese,2,90,Dairy
T00360,C1038,2025-09-29,Biscuits,1,25,Snacks
T00360,C1038,2025-09-29,Sugar,1,45,Grocery
T00360,C1038,2025-09-29,Paneer,1,110,Poultry & Protein
T00361,C1038,2025-08-27,Shampoo,2,130,Personal Care
T00361,C1038,2025-08-27,Soap,1,35,Personal Care
T00361,C1038,2025-08-27,Toothpaste,3,60,Personal Care
T00362,C1038,2025-08-20,Eggs,1,60,Poultry & Protein
T00362,C1038,2025-08-20,Bread,2,30,Bakery
T00363,C1038,2025-10-04,Butter,2,55,Dairy
T00363,C1038,2025-10-04,Bread,2,30,Bakery
T00363,C1038,2025-10-04,Milk,1,25,Dairy
T00363,C1038,2025-10-04,Biscuits,1,25,Snacks
T00364,C1035,2025-09-04,Bread,1,30,Bakery
T00364,C1035,2025-09-04,Milk,3,25,Dairy
T00364,C1035,2025-09-04,Butter,1,55,Dairy
T00365,C1035,2025-08-19,Biscuits,1,25,Snacks
T00365,C1035,2025-08-19,Sugar,1,45,Grocery
T00366,C1035,2025-08-16,Cooking Oil,1,140,Grocery
T00366,C1035,2025-08-16,Dal,1,90,Grocery
T00366,C1035,2025-08-16,Rice,2,70,Grocery
T00366,C1035,2025-08-16,Salt,1,20,Grocery
T00366,C1035,2025-08-16,Tea,1,120,Beverages
T00367,C1035,2025-12-04,Sugar,1,45,Grocery
T00367,C1035,2025-12-04,Coffee,3,180,Beverages
T00367,C1035,2025-12-04,Biscuits,3,25,Snacks
T00368,C1003,2025-08-05,Sugar,3,45,Grocery
T00368,C1003,2025-08-05,Milk,1,25,Dairy
T00369,C1003,2025-06-13,Bread,3,30,Bakery
T00369,C1003,2025-06-13,Butter,1,55,Dairy
T00369,C1003,2025-06-13,Milk,1,25,Dairy
T00369,C1003,2025-06-13,Eggs,3,60,Poultry & Protein
T00369,C1003,2025-06-13,Chocolate,3,50,Snacks
T00370,C1003,2025-11-09,Eggs,2,60,Poultry & Protein
T00370,C1003,2025-11-09,Butter,3,55,Dairy
T00370,C1003,2025-11-09,Milk,1,25,Dairy
T00370,C1003,2025-11-09,Soap,2,35,Personal Care
T00371,C1003,2025-10-09,Butter,2,55,Dairy
T00371,C1003,2025-10-09,Bread,1,30,Bakery
T00372,C1003,2025-07-22,Cooking Oil,1,140,Grocery
T00372,C1003,2025-07-22,Salt,2,20,Grocery
T00372,C1003,2025-07-22,Dal,2,90,Grocery
T00372,C1003,2025-07-22,Buns,1,20,Bakery
T00373,C1003,2025-11-24,Chips,1,20,Snacks
T00373,C1003,2025-11-24,Juice,2,40,Beverages
T00373,C1003,2025-11-24,Chocolate,3,50,Snacks
T00374,C1003,2025-10-05,Sugar,1,45,Grocery
T00374,C1003,2025-10-05,Coffee,3,180,Beverages
T00375,C1015,2025-08-07,Chips,1,20,Snacks
T00375,C1015,2025-08-07,Juice,1,40,Beverages
T00376,C1015,2025-12-23,Butter,1,55,Dairy
T00376,C1015,2025-12-23,Bread,1,30,Bakery
T00376,C1015,2025-12-23,Eggs,3,60,Poultry & Protein
T00377,C1015,2025-07-14,Eggs,1,60,Poultry & Protein
T00377,C1015,2025-07-14,Butter,1,55,Dairy
T00377,C1015,2025-07-14,Bread,2,30,Bakery
T00377,C1015,2025-07-14,Coffee,2,180,Beverages
T00378,C1015,2025-09-25,Salt,3,20,Grocery
T00378,C1015,2025-09-25,Dal,3,90,Grocery
T00378,C1015,2025-09-25,Rice,1,70,Grocery
T00378,C1015,2025-09-25,Cooking Oil,1,140,Grocery
T00379,C1015,2025-06-27,Toothpaste,2,60,Personal Care
T00379,C1015,2025-06-27,Soap,1,35,Personal Care
T00379,C1015,2025-06-27,Shampoo,3,130,Personal Care
T00379,C1015,2025-06-27,Juice,3,40,Beverages
T00379,C1015,2025-06-27,Tea,1,120,Beverages
T00380,C1015,2025-10-03,Bread,1,30,Bakery
T00380,C1015,2025-10-03,Milk,1,25,Dairy
T00380,C1015,2025-10-03,Butter,3,55,Dairy
T00380,C1015,2025-10-03,Toothpaste,3,60,Personal Care
T00381,C1015,2025-10-13,Juice,2,40,Beverages
T00381,C1015,2025-10-13,Butter,1,55,Dairy
T00381,C1015,2025-10-13,Bread,3,30,Bakery
T00381,C1015,2025-10-13,Cookies,3,45,Bakery
T00382,C1042,2025-12-29,Milk,1,25,Dairy
T00382,C1042,2025-12-29,Sugar,1,45,Grocery
T00382,C1042,2025-12-29,Chocolate,2,50,Snacks
T00383,C1042,2025-08-01,Bread,1,30,Bakery
T00383,C1042,2025-08-01,Butter,2,55,Dairy
T00383,C1042,2025-08-01,Eggs,2,60,Poultry & Protein
T00383,C1042,2025-08-01,Cookies,2,45,Bakery
T00384,C1042,2025-09-23,Bread,1,30,Bakery
T00384,C1042,2025-09-23,Butter,1,55,Dairy
T00384,C1042,2025-09-23,Milk,2,25,Dairy
T00384,C1042,2025-09-23,Toothpaste,2,60,Personal Care
T00385,C1042,2025-10-21,Milk,3,25,Dairy
T00385,C1042,2025-10-21,Coffee,3,180,Beverages
T00385,C1042,2025-10-21,Sugar,2,45,Grocery
T00385,C1042,2025-10-21,Cake,1,120,Bakery
T00386,C1024,2025-09-25,Butter,1,55,Dairy
T00386,C1024,2025-09-25,Eggs,3,60,Poultry & Protein
T00386,C1024,2025-09-25,Bread,1,30,Bakery
T00387,C1024,2025-08-27,Butter,1,55,Dairy
T00387,C1024,2025-08-27,Eggs,2,60,Poultry & Protein
T00387,C1024,2025-08-27,Bread,1,30,Bakery
T00388,C1027,2025-11-04,Tea,3,120,Beverages
T00388,C1027,2025-11-04,Sugar,1,45,Grocery
T00388,C1027,2025-11-04,Biscuits,1,25,Snacks
T00388,C1027,2025-11-04,Cake,2,120,Bakery
T00389,C1027,2025-06-12,Butter,2,55,Dairy
T00389,C1027,2025-06-12,Juice,1,40,Beverages
T00389,C1027,2025-06-12,Salt,2,20,Grocery
T00389,C1027,2025-06-12,Bread,3,30,Bakery
T00390,C1027,2025-10-20,Toothpaste,1,60,Personal Care
T00390,C1027,2025-10-20,Shampoo,2,130,Personal Care
T00390,C1027,2025-10-20,Soap,3,35,Personal Care
T00391,C1039,2025-10-08,Toothpaste,1,60,Personal Care
T00391,C1039,2025-10-08,Shampoo,2,130,Personal Care
T00391,C1039,2025-10-08,Soap,1,35,Personal Care
T00391,C1039,2025-10-08,Coffee,1,180,Beverages
T00392,C1039,2025-09-14,Juice,1,40,Beverages
T00392,C1039,2025-09-14,Butter,2,55,Dairy
T00392,C1039,2025-09-14,Bread,3,30,Bakery
T00393,C1039,2025-11-23,Butter,1,55,Dairy
T00393,C1039,2025-11-23,Bread,2,30,Bakery
T00393,C1039,2025-11-23,Eggs,2,60,Poultry & Protein
T00394,C1039,2025-10-28,Juice,2,40,Beverages
T00394,C1039,2025-10-28,Butter,1,55,Dairy
T00394,C1039,2025-10-28,Bread,1,30,Bakery
T00395,C1039,2025-07-08,Bread,1,30,Bakery
T00395,C1039,2025-07-08,Eggs,3,60,Poultry & Protein
T00396,C1039,2025-08-04,Sugar,2,45,Grocery
T00396,C1039,2025-08-04,Biscuits,1,25,Snacks
T00397,C1039,2025-12-26,Juice,2,40,Beverages
T00397,C1039,2025-12-26,Chips,3,20,Snacks
T00397,C1039,2025-12-26,Cookies,1,45,Bakery
T00398,C1039,2025-11-25,Eggs,3,60,Poultry & Protein
T00398,C1039,2025-11-25,Bread,1,30,Bakery
T00398,C1039,2025-11-25,Butter,1,55,Dairy
T00398,C1039,2025-11-25,Milk,2,25,Dairy
T00399,C1029,2025-11-28,Butter,3,55,Dairy
T00399,C1029,2025-11-28,Bread,1,30,Bakery
T00399,C1029,2025-11-28,Eggs,1,60,Poultry & Protein
T00399,C1029,2025-11-28,Buns,1,20,Bakery
T00400,C1029,2025-12-06,Coffee,2,180,Beverages
T00400,C1029,2025-12-06,Milk,1,25,Dairy
T00400,C1029,2025-12-06,Eggs,1,60,Poultry & Protein
T00401,C1029,2025-07-12,Bread,1,30,Bakery
T00401,C1029,2025-07-12,Butter,1,55,Dairy
T00401,C1029,2025-07-12,Juice,1,40,Beverages
T00402,C1029,2025-06-14,Butter,1,55,Dairy
T00402,C1029,2025-06-14,Juice,1,40,Beverages
T00402,C1029,2025-06-14,Bread,2,30,Bakery
T00402,C1029,2025-06-14,Salt,1,20,Grocery
T00403,C1029,2025-12-19,Coffee,1,180,Beverages
T00403,C1029,2025-12-19,Sugar,3,45,Grocery
T00403,C1029,2025-12-19,Milk,1,25,Dairy
T00403,C1029,2025-12-19,Cookies,1,45,Bakery
T00404,C1029,2025-09-01,Salt,3,20,Grocery
T00404,C1029,2025-09-01,Cooking Oil,1,140,Grocery
T00404,C1029,2025-09-01,Rice,2,70,Grocery
T00405,C1016,2025-11-07,Biscuits,2,25,Snacks
T00405,C1016,2025-11-07,Sugar,1,45,Grocery
T00405,C1016,2025-11-07,Cheese,2,90,Dairy
T00406,C1016,2025-12-03,Cooking Oil,1,140,Grocery
T00406,C1016,2025-12-03,Salt,1,20,Grocery
T00406,C1016,2025-12-03,Chocolate,3,50,Snacks
T00406,C1016,2025-12-03,Chips,1,20,Snacks
T00407,C1016,2025-08-22,Milk,3,25,Dairy
T00407,C1016,2025-08-22,Sugar,1,45,Grocery
T00408,C1016,2025-11-19,Tea,3,120,Beverages
T00408,C1016,2025-11-19,Biscuits,3,25,Snacks
T00408,C1016,2025-11-19,Sugar,1,45,Grocery
T00409,C1016,2025-09-26,Bread,1,30,Bakery
T00409,C1016,2025-09-26,Butter,1,55,Dairy
T00410,C1016,2025-06-19,Butter,2,55,Dairy
T00410,C1016,2025-06-19,Juice,2,40,Beverages
T00410,C1016,2025-06-19,Bread,1,30,Bakery
T00410,C1016,2025-06-19,Toothpaste,1,60,Personal Care
T00411,C1016,2025-09-08,Butter,1,55,Dairy
T00411,C1016,2025-09-08,Milk,2,25,Dairy
T00411,C1016,2025-09-08,Curd,1,30,Dairy
T00412,C1016,2025-08-14,Cooking Oil,3,140,Grocery
T00412,C1016,2025-08-14,Dal,1,90,Grocery
T00412,C1016,2025-08-14,Juice,2,40,Beverages
T00413,C1011,2025-07-05,Toothpaste,2,60,Personal Care
T00413,C1011,2025-07-05,Shampoo,2,130,Personal Care
T00413,C1011,2025-07-05,Soap,1,35,Personal Care
T00413,C1011,2025-07-05,Milk,1,25,Dairy
T00414,C1011,2025-06-02,Juice,3,40,Beverages
T00414,C1011,2025-06-02,Bread,3,30,Bakery
T00414,C1011,2025-06-02,Butter,3,55,Dairy
T00415,C1011,2025-07-25,Shampoo,1,130,Personal Care
T00415,C1011,2025-07-25,Toothpaste,1,60,Personal Care
T00415,C1011,2025-07-25,Soap,3,35,Personal Care
T00415,C1011,2025-07-25,Eggs,2,60,Poultry & Protein
T00415,C1011,2025-07-25,Cake,1,120,Bakery
T00416,C1011,2025-12-10,Sugar,1,45,Grocery
T00416,C1011,2025-12-10,Milk,1,25,Dairy
T00416,C1011,2025-12-10,Coffee,1,180,Beverages
T00417,C1011,2025-10-27,Chocolate,1,50,Snacks
T00417,C1011,2025-10-27,Chips,2,20,Snacks
T00417,C1011,2025-10-27,Juice,1,40,Beverages
T00418,C1011,2025-07-20,Eggs,2,60,Poultry & Protein
T00418,C1011,2025-07-20,Butter,1,55,Dairy
T00418,C1011,2025-07-20,Bread,1,30,Bakery
T00418,C1011,2025-07-20,Shampoo,2,130,Personal Care
T00419,C1011,2025-07-14,Bread,1,30,Bakery
T00419,C1011,2025-07-14,Milk,3,25,Dairy
T00419,C1011,2025-07-14,Eggs,3,60,Poultry & Protein
T00419,C1011,2025-07-14,Tea,1,120,Beverages
T00420,C1031,2025-08-31,Rice,2,70,Grocery
T00420,C1031,2025-08-31,Salt,1,20,Grocery
T00420,C1031,2025-08-31,Cooking Oil,1,140,Grocery
T00420,C1031,2025-08-31,Dal,3,90,Grocery
T00421,C1031,2025-11-08,Milk,2,25,Dairy
T00421,C1031,2025-11-08,Butter,1,55,Dairy
T00421,C1031,2025-11-08,Shampoo,1,130,Personal Care
T00421,C1031,2025-11-08,Juice,2,40,Beverages
T00422,C1031,2025-10-18,Sugar,2,45,Grocery
T00422,C1031,2025-10-18,Milk,3,25,Dairy
T00422,C1031,2025-10-18,Coffee,1,180,Beverages
T00422,C1031,2025-10-18,Cookies,1,45,Bakery
T00423,C1031,2025-09-27,Coffee,2,180,Beverages
T00423,C1031,2025-09-27,Sugar,3,45,Grocery
T00423,C1031,2025-09-27,Milk,1,25,Dairy
T00423,C1031,2025-09-27,Cookies,2,45,Bakery
T00424,C1031,2025-09-23,Sugar,1,45,Grocery
T00424,C1031,2025-09-23,Coffee,2,180,Beverages
T00424,C1031,2025-09-23,Biscuits,1,25,Snacks
T00424,C1031,2025-09-23,Butter,1,55,Dairy
